original_filename,processed_filename,p1_x,p1_y,p2_x,p2_y,p3_x,p3_y,p4_x,p4_y,H00,H01,H02,H10,H11,H12,H20,H21,H22,out_w,out_h,processed_size,alpr_text,alpr_conf,alpr_x1,alpr_y1,alpr_x2,alpr_y2
/Users/NikhilKalidasu/Documents/Adversarial Plate/mycar/IMG_5815.HEIC,/Users/NikhilKalidasu/Documents/Adversarial Plate/preprocessed_images/IMG_5815_processed.png,156.68347338935575,270.8795518207283,177.03081232492997,275.71988795518206,174.07282913165267,289.9719887955182,153.99439775910363,284.41456582633054,0.018416199007526828,-0.004545374625873928,156.68347338935575,-0.016067353427838483,0.03785884976899792,270.8795518207283,-8.753296868638592e-05,1.4138919866178113e-05,1.0,600,400,384,KP513MM,0.5708272457122803,154,272,176,288
/Users/NikhilKalidasu/Documents/Adversarial Plate/mycar/IMG_5816.HEIC,/Users/NikhilKalidasu/Documents/Adversarial Plate/preprocessed_images/IMG_5816_processed.png,182.31932773109244,226.42016806722688,211.45098039215685,224.7170868347339,212.52661064425772,241.29971988795518,183.39495798319328,243.8095238095238,0.06560215039964261,0.0018700908523711164,182.31932773109244,0.015280579894307558,0.04238461193842252,226.42016806722688,8.063048907560245e-05,-4.465688625725675e-06,1.0,600,400,384,VWJ7774,0.9073471426963806,182,225,212,242
/Users/NikhilKalidasu/Documents/Adversarial Plate/mycar/IMG_5817.HEIC,/Users/NikhilKalidasu/Documents/Adversarial Plate/preprocessed_images/IMG_5817_processed.png,202.21848739495798,311.30532212885157,226.86834733893556,293.55742296918766,227.76470588235296,309.96078431372547,203.20448179271708,329.14285714285717,0.07433675830609203,0.002688471280023428,202.21848739495798,0.013448904241956399,0.0449558304634734,311.30532212885157,0.00014657689708376368,1.0998049041735207e-06,1.0,600,400,384,VJJ771,0.5329358577728271,201,291,229,329
/Users/NikhilKalidasu/Documents/Adversarial Plate/mycar/IMG_5818.HEIC,/Users/NikhilKalidasu/Documents/Adversarial Plate/preprocessed_images/IMG_5818_processed.png,201.05322128851543,211.27170868347338,275.18207282913164,213.06442577030813,274.1064425770308,250.08403361344537,200.33613445378154,247.6638655462185,0.1156363947188996,0.0005155267622255101,201.05322128851543,-0.0031379003840214838,0.09383393925080165,211.27170868347338,-2.8750750733097606e-05,1.1521854783480246e-05,1.0,600,400,384,VRJ7774,0.9999938607215881,198,208,276,251
/Users/NikhilKalidasu/Documents/Adversarial Plate/mycar/IMG_5815.HEIC,/Users/NikhilKalidasu/Documents/Adversarial Plate/preprocessed_images/IMG_5815_processed.png,156.7731092436975,270.7002801120448,177.03081232492997,275.71988795518206,173.8935574229692,289.88235294117646,153.99439775910363,284.3249299719888,0.02124656452998067,-0.0025848582465795218,156.7731092436975,-0.011127687503074045,0.042115182108927986,270.7002801120448,-7.070110436914927e-05,2.8325189282070558e-05,1.0,600,400,384,KP513MM,0.5708272457122803,154,272,176,288
/Users/NikhilKalidasu/Documents/Adversarial Plate/mycar/IMG_5816.HEIC,/Users/NikhilKalidasu/Documents/Adversarial Plate/preprocessed_images/IMG_5816_processed.png,182.40896358543418,226.33053221288515,211.45098039215685,224.7170868347339,212.61624649859945,241.3893557422969,183.30532212885154,243.8095238095238,0.06489137364523564,-0.0028157091878976102,182.40896358543418,0.014833368980960042,0.03697182271466774,226.33053221288515,7.797557746064439e-05,-2.758569957334118e-05,1.0,600,400,384,VWJ7774,0.9073471426963806,182,225,212,242
/Users/NikhilKalidasu/Documents/Adversarial Plate/mycar/IMG_5817.HEIC,/Users/NikhilKalidasu/Documents/Adversarial Plate/preprocessed_images/IMG_5817_processed.png,202.0392156862745,311.5742296918768,227.04761904761904,293.4677871148459,227.31652661064425,310.5882352941176,203.20448179271708,329.2324929971989,0.06856097740392877,0.021395891241137728,202.0392156862745,0.004566424766164376,0.07409142469748702,311.5742296918768,0.0001183906056701857,9.095629098321252e-05,1.0,600,400,384,VJJ771,0.5329358577728271,201,291,229,329
/Users/NikhilKalidasu/Documents/Adversarial Plate/mycar/IMG_5818.HEIC,/Users/NikhilKalidasu/Documents/Adversarial Plate/preprocessed_images/IMG_5818_processed.png,201.32212885154064,211.27170868347338,274.91316526610643,213.06442577030813,274.2857142857143,249.81512605042016,200.06722689075633,247.30532212885154,0.11398100473600103,-0.007445748185872165,201.32212885154064,-0.0037321602530247726,0.08475825719305492,211.27170868347338,-3.1539859552436244e-05,-2.153522768756109e-05,1.0,600,400,384,VRJ7774,0.9999938607215881,198,208,276,251
/Users/NikhilKalidasu/Documents/Adversarial Plate/mycar/IMG_5819.HEIC,/Users/NikhilKalidasu/Documents/Adversarial Plate/preprocessed_images/IMG_5819_processed.png,223.37254901960785,303.5966386554622,256.5378151260504,296.9635854341737,259.1372549019608,317.0420168067227,225.88235294117646,325.01960784313724,0.08260035599309065,0.0019313788420193885,223.37254901960785,0.020575741156006078,0.047308140085117314,303.5966386554622,0.00010651417011923518,-1.9227402695921108e-05,1.0,600,400,384,VRJ7774,0.9904052019119263,224,300,260,324
/Users/NikhilKalidasu/Documents/Adversarial Plate/mycar/IMG_5822.HEIC,/Users/NikhilKalidasu/Documents/Adversarial Plate/preprocessed_images/IMG_5822_processed.png,131.40616246498598,303.1484593837535,185.09803921568627,314.71148459383755,185.36694677871148,336.672268907563,133.3781512605042,324.3921568627451,0.07371641678712716,0.015941348484993165,131.40616246498598,-0.007541185318097722,0.07989027295805645,303.1484593837535,-8.5198333439199e-05,8.255757327668344e-05,1.0,600,400,384,VRJ7774,0.9997456073760986,130,302,186,335
/Users/NikhilKalidasu/Documents/Adversarial Plate/mycar/IMG_5823.HEIC,/Users/NikhilKalidasu/Documents/Adversarial Plate/preprocessed_images/IMG_5823_processed.png,158.56582633053222,307.00280112044817,220.23529411764707,305.47899159663865,220.59383753501402,330.57703081232495,160.53781512605042,332.1904761904762,0.10472656408429208,0.015699671743884046,158.56582633053222,0.00015692037788160433,0.0852542280393124,307.00280112044817,8.827457834235617e-06,6.708512724327549e-05,1.0,600,400,384,VRJ7774,0.9999630451202393,158,304,220,332
/Users/NikhilKalidasu/Documents/Adversarial Plate/mycar/IMG_5815.HEIC,/Users/NikhilKalidasu/Documents/Adversarial Plate/preprocessed_images/IMG_5815_processed.png,156.7731092436975,270.96918767507003,177.03081232492997,275.6302521008403,174.1624649859944,289.88235294117646,154.08403361344537,284.3249299719888,0.015212269304885074,-0.006743178973717147,156.7731092436975,-0.021114091026481513,0.03335154657607723,270.96918767507003,-0.00010478723404255319,-1.3297872340425353e-07,1.0,600,400,384,KP513MM,0.5708272457122803,154,272,176,288
/Users/NikhilKalidasu/Documents/Adversarial Plate/mycar/IMG_5816.HEIC,/Users/NikhilKalidasu/Documents/Adversarial Plate/preprocessed_images/IMG_5816_processed.png,182.31932773109244,226.50980392156862,211.18207282913164,224.7170868347339,212.52661064425772,241.29971988795518,183.48459383753502,243.71988795518206,0.061018020332667004,-0.0006975391034697082,182.31932773109244,0.01075322776388706,0.03822916456333134,226.50980392156862,6.114839671886652e-05,-1.9678515204242272e-05,1.0,600,400,384,VWJ7774,0.9073471426963806,182,225,212,242
/Users/NikhilKalidasu/Documents/Adversarial Plate/mycar/IMG_5817.HEIC,/Users/NikhilKalidasu/Documents/Adversarial Plate/preprocessed_images/IMG_5817_processed.png,202.21848739495798,311.6638655462185,226.86834733893556,293.4677871148459,227.40616246498598,310.4985994397759,203.20448179271708,329.32212885154064,0.062233307325974534,0.01124113085112279,202.21848739495798,-0.0029677380845793424,0.058368664969793094,311.6638655462185,9.322678843226788e-05,4.318873668188736e-05,1.0,600,400,384,VJJ771,0.5329358577728271,201,291,229,329
/Users/NikhilKalidasu/Documents/Adversarial Plate/mycar/IMG_5818.HEIC,/Users/NikhilKalidasu/Documents/Adversarial Plate/preprocessed_images/IMG_5818_processed.png,201.32212885154064,211.27170868347338,274.91316526610643,213.15406162464987,274.1064425770308,250.35294117647058,200.69467787114849,247.30532212885154,0.10822015526121714,-0.0005170468291963882,201.32212885154064,-0.008052271816402936,0.09137984019473258,211.27170868347338,-5.249501995447656e-05,5.2397035782839645e-06,1.0,600,400,384,VRJ7774,0.9999938607215881,198,208,276,251
/Users/NikhilKalidasu/Documents/Adversarial Plate/mycar/IMG_5819.HEIC,/Users/NikhilKalidasu/Documents/Adversarial Plate/preprocessed_images/IMG_5819_processed.png,223.46218487394958,303.95518207282913,256.8067226890756,297.05322128851543,259.2268907563025,316.7731092436975,225.79271708683473,325.109243697479,0.08530742223223375,0.0014744589822543819,223.46218487394958,0.02288968144280805,0.04661908097242278,303.95518207282913,0.00011578042906748963,-1.9273746319660403e-05,1.0,600,400,384,VRJ7774,0.9904052019119263,224,300,260,324
/Users/NikhilKalidasu/Documents/Adversarial Plate/mycar/IMG_5822.HEIC,/Users/NikhilKalidasu/Documents/Adversarial Plate/preprocessed_images/IMG_5822_processed.png,130.9579831932773,302.8795518207283,185.187675070028,314.71148459383755,185.54621848739495,336.672268907563,133.3781512605042,324.30252100840335,0.07589771672337813,0.019335367822624343,130.9579831932773,-0.0048963738468535455,0.0858591303711955,302.8795518207283,-7.821850490713753e-05,9.960362719835537e-05,1.0,600,400,384,VRJ7774,0.9997456073760986,130,302,186,335
/Users/NikhilKalidasu/Documents/Adversarial Plate/mycar/IMG_5823.HEIC,/Users/NikhilKalidasu/Documents/Adversarial Plate/preprocessed_images/IMG_5823_processed.png,158.38655462184875,307.18207282913164,220.14565826330534,305.3893557422969,220.41456582633054,330.84593837535016,160.80672268907563,332.1904761904762,0.09717293169087332,0.020587763312625015,158.38655462184875,-0.010976704878681753,0.09255188560165073,307.18207282913164,-2.6159533451558546e-05,9.040258330907069e-05,1.0,600,400,384,VRJ7774,0.9999630451202393,158,304,220,332
/Users/NikhilKalidasu/Documents/Adversarial Plate/mycar/IMG_5824.HEIC,/Users/NikhilKalidasu/Documents/Adversarial Plate/preprocessed_images/IMG_5824_processed.png,209.03081232492997,353.9719887955182,256.08963585434174,326.00560224089634,258.6890756302521,349.7591036414566,213.06442577030813,378.5322128851541,0.10719381517951092,0.024782692193900457,209.03081232492997,-0.009995662162114387,0.08751433186281987,353.9719887955182,0.0001123139659070419,6.898692039890703e-05,1.0,600,400,384,VRJ7774,0.9968070983886719,208,325,260,374
/Users/NikhilKalidasu/Documents/Adversarial Plate/mycar/IMG_5826.HEIC,/Users/NikhilKalidasu/Documents/Adversarial Plate/preprocessed_images/IMG_5826_processed.png,184.73949579831933,219.42857142857144,200.15686274509804,219.0700280112045,200.51540616246498,227.13725490196077,184.73949579831933,227.40616246498598,0.021739276920289523,-0.010372076158245282,184.73949579831933,-0.004927747867588452,0.007176409801871794,219.42857142857144,-1.976617040962234e-05,-5.614433509967197e-05,1.0,600,400,384,F1T1,0.6091635227203369,184,218,201,227
/Users/NikhilKalidasu/Documents/Adversarial Plate/mycar/IMG_5828.HEIC,/Users/NikhilKalidasu/Documents/Adversarial Plate/preprocessed_images/IMG_5828_processed.png,180.07843137254903,246.7675070028011,217.187675070028,239.05882352941177,219.24929971988794,259.58543417366946,181.87114845938376,268.4593837535014,0.08081961752687165,-0.00010358501588218389,180.07843137254903,0.008033470194869396,0.04746123139856331,246.7675070028011,8.73478572159149e-05,-2.521223279124476e-05,1.0,600,400,384,VRJ7774,0.9958023428916931,180,241,219,268
/Users/NikhilKalidasu/Documents/Adversarial Plate/mycar/IMG_5830.HEIC,/Users/NikhilKalidasu/Documents/Adversarial Plate/preprocessed_images/IMG_5830_processed.png,147.18207282913164,246.31932773109241,178.46498599439775,251.69747899159665,175.68627450980392,269.624649859944,144.76190476190476,263.2605042016807,0.03509819671093017,-0.0037173871247913504,147.18207282913164,-0.015068708513166086,0.04659573872947445,246.31932773109241,-9.548086871439072e-05,1.611634668052415e-05,1.0,600,400,384,VRJ7374,0.8913443088531494,146,247,176,267
/Users/NikhilKalidasu/Documents/Adversarial Plate/mycar/IMG_5831.HEIC,/Users/NikhilKalidasu/Documents/Adversarial Plate/preprocessed_images/IMG_5831_processed.png,145.92717086834733,242.46498599439775,165.91596638655463,251.96638655462186,162.2408963585434,268.99719887955183,142.1624649859944,257.4341736694678,0.004285982207605747,-0.017827304885882543,145.92717086834733,-0.02824840102049165,0.022183731232466655,242.46498599439775,-0.00017496011759214752,-5.919663942820121e-05,1.0,600,400,384,RR33314,0.5179784297943115,143,243,164,268
/Users/NikhilKalidasu/Documents/Adversarial Plate/mycar/IMG_5833.HEIC,/Users/NikhilKalidasu/Documents/Adversarial Plate/preprocessed_images/IMG_5833_processed.png,109.8935574229692,182.58823529411765,242.1064425770308,185.72549019607843,240.31372549019608,251.33893557422968,110.34173669467788,246.85714285714286,0.2116191657385846,0.0057941851439370935,109.8935574229692,-0.0014725568942436415,0.17112837906246836,182.58823529411765,-3.608182730923695e-05,4.235692771084337e-05,1.0,600,400,384,VRJ7774,0.9999973773956299,105,177,244,253
/Users/NikhilKalidasu/Documents/Adversarial Plate/mycar/IMG_5834.HEIC,/Users/NikhilKalidasu/Documents/Adversarial Plate/preprocessed_images/IMG_5834_processed.png,95.0140056022409,106.4873949579832,310.5882352941176,108.36974789915966,312.3809523809524,214.14005602240897,93.22128851540617,214.14005602240897,0.36850274573106084,-0.00832845120301769,95.0140056022409,0.006351611831173148,0.26029543427367136,106.4873949579832,2.9661016949152544e-05,-4.126373435929431e-05,1.0,600,400,384,VRJ7774,0.9999966025352478,85,96,320,222
/Users/NikhilKalidasu/Documents/Adversarial Plate/mycar/IMG_5835.HEIC,/Users/NikhilKalidasu/Documents/Adversarial Plate/preprocessed_images/IMG_5835_processed.png,154.80112044817926,225.16526610644257,204.36974789915968,225.16526610644257,204.1904761904762,250.62184873949582,154.35294117647058,250.26330532212887,0.07784309420949932,-0.0032219909596139995,154.80112044817926,-0.005256784038234913,0.05933771857190112,225.16526610644257,-2.3346336356113954e-05,-1.3615178073863924e-05,1.0,600,400,384,VRJ7774,0.9999914169311523,152,224,205,250
/Users/NikhilKalidasu/Documents/Adversarial Plate/mycar/IMG_5836.HEIC,/Users/NikhilKalidasu/Documents/Adversarial Plate/preprocessed_images/IMG_5836_processed.png,182.40896358543418,284.593837535014,227.58543417366948,285.8487394957983,226.6890756302521,308.5266106442577,181.60224089635855,306.8235294117647,0.06775251943658407,-0.0012936693324003957,182.40896358543418,-0.007380791609223466,0.056795996368558956,284.593837535014,-3.3137437981728635e-05,3.981984950843082e-06,1.0,600,400,384,VRJ7774,0.9999866485595703,181,285,228,308
/Users/NikhilKalidasu/Documents/Adversarial Plate/mycar/IMG_5837.HEIC,/Users/NikhilKalidasu/Documents/Adversarial Plate/preprocessed_images/IMG_5837_processed.png,147.89915966386556,130.2408963585434,190.65546218487395,143.68627450980392,185.27731092436974,169.7703081232493,143.4173669467787,155.1596638655462,0.05446263729652161,-0.005962079224078272,147.89915966386556,0.00974935820274965,0.06796854304645313,130.2408963585434,-8.810587807272253e-05,3.655347103523548e-05,1.0,600,400,384,VRJ7774,0.9962601065635681,143,133,190,168
/Users/NikhilKalidasu/Documents/Adversarial Plate/mycar/IMG_5838.HEIC,/Users/NikhilKalidasu/Documents/Adversarial Plate/preprocessed_images/IMG_5838_processed.png,161.34453781512605,211.0924369747899,200.96358543417367,225.16526610644257,196.92997198879553,246.58823529411762,157.93837535014006,230.00560224089634,0.025838432383669764,-0.007063172013840713,161.34453781512605,-0.021579006405898958,0.049397801261389755,211.0924369747899,-0.00020000296850417076,9.194941668893046e-06,1.0,600,400,384,VRJ7774,0.9996241331100464,157,214,201,245
/Users/NikhilKalidasu/Documents/Adversarial Plate/mycar/IMG_5839.HEIC,/Users/NikhilKalidasu/Documents/Adversarial Plate/preprocessed_images/IMG_5839_processed.png,156.68347338935575,170.93557422969187,180.52661064425772,186.1736694677871,174.52100840336135,207.50700280112045,151.12605042016807,189.3109243697479,0.0014806566058058615,-0.018988041551093952,156.68347338935575,-0.014057826884104849,0.03955667281241793,170.93557422969187,-0.00021192391165581514,-3.371016521612805e-05,1.0,600,400,384,ME5777,0.6218496561050415,151,173,179,205
/Users/NikhilKalidasu/Documents/Adversarial Plate/mycar/IMG_5840.HEIC,/Users/NikhilKalidasu/Documents/Adversarial Plate/preprocessed_images/IMG_5840_processed.png,143.50700280112045,225.9719887955182,167.61904761904762,246.7675070028011,163.40616246498598,264.15686274509807,139.83193277310926,241.21008403361344,0.005415638136499248,-0.008988086242204561,143.50700280112045,-0.016530560839808375,0.038439528823233544,225.9719887955182,-0.00020744124084118374,1.427347987439343e-06,1.0,600,400,384,VPS9774,0.7312465310096741,138,221,168,265
/Users/NikhilKalidasu/Documents/Adversarial Plate/mycar/IMG_5842.HEIC,/Users/NikhilKalidasu/Documents/Adversarial Plate/preprocessed_images/IMG_5842_processed.png,181.15406162464987,182.05042016806723,232.0672268907563,178.8235294117647,232.42577030812325,205.26610644257704,182.05042016806723,209.21008403361344,0.09594831056315371,0.007006987459312563,181.15406162464987,0.0031697842604257887,0.07337629242073171,182.05042016806723,4.780095521572692e-05,2.6180060976344552e-05,1.0,600,400,384,VRJ7774,0.9999723434448242,180,178,233,208
/Users/NikhilKalidasu/Documents/Adversarial Plate/mycar/IMG_5843.HEIC,/Users/NikhilKalidasu/Documents/Adversarial Plate/preprocessed_images/IMG_5843_processed.png,163.40616246498598,238.6106442577031,211.89915966386556,229.01960784313724,213.9607843137255,253.0420168067227,165.55742296918768,263.88795518207286,0.09921221953908828,0.005226627209462255,163.40616246498598,0.003891366769776819,0.06295175765403889,238.6106442577031,8.678919524800625e-05,-9.152356223263255e-07,1.0,600,400,384,VRJ7774,0.9990456104278564,163,232,214,263
/Users/NikhilKalidasu/Documents/Adversarial Plate/mycar/IMG_5844.HEIC,/Users/NikhilKalidasu/Documents/Adversarial Plate/preprocessed_images/IMG_5844_processed.png,195.2268907563025,215.12605042016804,229.55742296918768,205.1764705882353,233.23249299719888,227.49579831932772,199.97759103641457,240.22408963585434,0.10866485344931413,0.020618044674107362,195.2268907563025,0.0294005255384707,0.07324562150396559,215.12605042016804,0.0002241151651544621,4.371136750134928e-05,1.0,600,400,384,VRJ7774,0.9965851902961731,197,207,233,239
/Users/NikhilKalidasu/Documents/Adversarial Plate/mycar/IMG_5845.HEIC,/Users/NikhilKalidasu/Documents/Adversarial Plate/preprocessed_images/IMG_5845_processed.png,184.2016806722689,265.2324929971989,216.9187675070028,247.57422969187678,220.50420168067228,265.85994397759106,188.50420168067228,286.38655462184875,0.11298164970237498,0.012779570529485149,184.2016806722689,0.037283470282617935,0.05595902057949589,265.2324929971989,0.0002694703289912345,1.0733278040688877e-05,1.0,600,400,384,VRJ7774,0.9645640254020691,185,249,222,285
/Users/NikhilKalidasu/Documents/Adversarial Plate/mycar/IMG_5846.HEIC,/Users/NikhilKalidasu/Documents/Adversarial Plate/preprocessed_images/IMG_5846_processed.png,199.43977591036415,216.91876750700283,219.96638655462186,208.1344537815126,224.08963585434174,227.40616246498598,204.28011204481794,240.04481792717087,0.1063844545120382,0.00966087307128922,199.43977591036415,0.05365072414279565,0.05494797715386224,216.91876750700283,0.0003281112078171392,-1.1944223255124905e-05,1.0,600,400,384,5RGT724,0.5630924105644226,201,210,224,238
/Users/NikhilKalidasu/Documents/Adversarial Plate/mycar/IMG_5851.HEIC,/Users/NikhilKalidasu/Documents/Adversarial Plate/preprocessed_images/IMG_5851_processed.png,177.92717086834733,205.80392156862746,195.58543417366948,203.02521008403363,196.3921568627451,212.5266106442577,178.91316526610643,215.30532212885151,0.030395186317720875,0.006991406233599459,177.92717086834733,-0.003629740788386575,0.029200626357755857,205.80392156862746,4.932614126370391e-06,2.529953697073846e-05,1.0,600,400,384,NJ71T7,0.6640645265579224,177,202,196,214
/Users/NikhilKalidasu/Documents/Adversarial Plate/mycar/IMG_5852.HEIC,/Users/NikhilKalidasu/Documents/Adversarial Plate/preprocessed_images/IMG_5852_processed.png,146.8235294117647,199.9775910364146,166.812324929972,198.6330532212885,167.17086834733894,208.5826330532213,147.27170868347338,210.1064425770308,0.03850152563386072,0.0026551493118493856,146.8235294117647,0.003935404567870586,0.02751162334622234,199.9775910364146,3.1094024011871034e-05,1.0420882233913394e-05,1.0,600,400,384,WU1777,0.636493444442749,146,197,168,210
/Users/NikhilKalidasu/Documents/Adversarial Plate/mycar/IMG_5854.HEIC,/Users/NikhilKalidasu/Documents/Adversarial Plate/preprocessed_images/IMG_5854_processed.png,145.3893557422969,236.01120448179273,170.57703081232492,238.78991596638656,169.68067226890756,252.68347338935575,144.8515406162465,249.27731092436977,0.0282553224144712,0.0032536583835889197,145.3893557422969,-0.014581162273674715,0.04107837478752323,236.01120448179273,-8.045711647235369e-05,3.174419946900612e-05,1.0,600,400,384,FRJ7774,0.8374409079551697,143,235,171,252
/Users/NikhilKalidasu/Documents/Adversarial Plate/mycar/IMG_5857.HEIC,/Users/NikhilKalidasu/Documents/Adversarial Plate/preprocessed_images/IMG_5857_processed.png,79.1111111111111,204.8253968253968,123.93650793650792,208.25396825396825,119.49206349206348,245.58730158730157,74.66666666666666,241.52380952380952,0.07123356150295579,-0.01142251286385812,79.1111111111111,-0.00012558155815672336,0.09073874240296233,204.8253968253968,-2.8042045591758657e-05,-4.1705591885760045e-06,1.0,600,400,384,VRJ7774,0.9999864101409912,74,204,124,246
/Users/NikhilKalidasu/Documents/Adversarial Plate/mycar/IMG_5860.HEIC,/Users/NikhilKalidasu/Documents/Adversarial Plate/preprocessed_images/IMG_5860_processed.png,178.1064425770308,154.35294117647058,199.43977591036415,140.99719887955183,203.65266106442579,156.3249299719888,183.39495798319328,172.72829131652662,0.10506490662526712,0.01762692860495522,178.1064425770308,0.02688119769958766,0.0500877734207955,154.35294117647058,0.00034852301027931223,2.4022689271276487e-05,1.0,600,400,384,K431744,0.5877447128295898,180,143,204,171
/Users/NikhilKalidasu/Documents/Adversarial Plate/mycar/IMG_5861.HEIC,/Users/NikhilKalidasu/Documents/Adversarial Plate/preprocessed_images/IMG_5861_processed.png,180.61624649859945,177.92717086834733,204.4593837535014,170.66666666666666,207.32773109243698,184.47058823529412,183.84313725490196,192.53781512605042,0.06116451305854688,0.011554581673513302,180.61624649859945,0.0057838640221518425,0.04017889639431233,177.92717086834733,0.00010479318959933376,1.8969186638289995e-05,1.0,600,400,384,VRA1774,0.8586719632148743,181,173,207,190
/Users/NikhilKalidasu/Documents/Adversarial Plate/mycar/IMG_5862.HEIC,/Users/NikhilKalidasu/Documents/Adversarial Plate/preprocessed_images/IMG_5862_processed.png,191.91036414565826,239.1484593837535,215.30532212885154,229.55742296918766,218.53221288515405,242.64425770308122,195.13725490196077,253.40056022408965,0.0676898382037018,0.0026858431111095255,191.91036414565826,0.01461285631492025,0.028642116159149276,239.1484593837535,0.00013329090651958704,-2.7577428935086977e-05,1.0,600,400,384,KAJ7774,0.7976887822151184,193,230,218,251
/Users/NikhilKalidasu/Documents/Adversarial Plate/mycar/IMG_5863.HEIC,/Users/NikhilKalidasu/Documents/Adversarial Plate/preprocessed_images/IMG_5863_processed.png,220.23529411764707,176.31372549019608,238.70028011204482,173.8935574229692,239.8655462184874,183.6638655462185,221.49019607843138,186.08403361344537,0.031248254442183404,0.005796581586459046,220.23529411764707,-0.003688829779356226,0.026659992160417215,176.31372549019608,1.982728234050053e-06,1.2006520972858654e-05,1.0,600,400,384,NNJ7711,0.5822728872299194,219,174,239,185
/Users/NikhilKalidasu/Documents/Adversarial Plate/mycar/IMG_5865.HEIC,/Users/NikhilKalidasu/Documents/Adversarial Plate/preprocessed_images/IMG_5865_processed.png,125.66946778711484,213.60224089635852,182.2296918767507,225.16526610644257,180.16806722689077,252.86274509803923,124.77310924369748,240.4033613445378,0.08177325456627471,0.0038432378395349925,125.66946778711484,0.0038342323505696284,0.07872524933829753,213.60224089635852,-6.85606470298398e-05,4.876158200237949e-05,1.0,600,400,384,VRJ7774,0.9999831318855286,123,214,182,251
/Users/NikhilKalidasu/Documents/Adversarial Plate/mycar/IMG_5866.HEIC,/Users/NikhilKalidasu/Documents/Adversarial Plate/preprocessed_images/IMG_5866_processed.png,145.21008403361344,293.3781512605042,197.109243697479,303.1484593837535,195.40616246498598,325.3781512605042,144.8515406162465,315.3389355742297,0.07869751528780526,0.008445035704422616,145.21008403361344,0.004285999395063189,0.07523799108375745,293.3781512605042,-3.9577464788732395e-05,6.448943661971831e-05,1.0,600,400,384,VRJ7774,0.9999690651893616,143,293,197,324
/Users/NikhilKalidasu/Documents/Adversarial Plate/mycar/IMG_5867.HEIC,/Users/NikhilKalidasu/Documents/Adversarial Plate/preprocessed_images/IMG_5867_processed.png,109.62464985994397,300.6386554621849,157.7591036414566,320.8067226890756,155.87675070028013,346.890756302521,109.17647058823529,325.6470588235294,0.06335889310126687,0.006555957044477688,109.62464985994397,-0.0006823150748536027,0.08541787226040695,300.6386554621849,-0.00010690474365851788,7.03119012951184e-05,1.0,600,400,384,VRJ7774,0.9996933341026306,107,300,158,346
/Users/NikhilKalidasu/Documents/Adversarial Plate/mycar/IMG_5868.HEIC,/Users/NikhilKalidasu/Documents/Adversarial Plate/preprocessed_images/IMG_5868_processed.png,204.28011204481794,250.71148459383755,274.46498599439775,211.27170868347338,268.99719887955183,240.8515406162465,203.38375350140055,279.843137254902,0.15638465594353076,0.036834984662391865,204.28011204481794,-0.03539688727484948,0.12659506402258613,250.71148459383755,0.0001435879548889664,0.00019212882222997325,1.0,600,400,384,VRJ7774,0.9424071907997131,202,218,271,273
/Users/NikhilKalidasu/Documents/Adversarial Plate/mycar/IMG_5869.HEIC,/Users/NikhilKalidasu/Documents/Adversarial Plate/preprocessed_images/IMG_5869_processed.png,159.46218487394958,244.078431372549,250.53221288515405,243.18207282913164,247.84313725490196,265.4117647058824,163.76470588235296,266.9355742296919,0.1659804284811368,0.04524641361753349,159.46218487394958,0.012286603075936313,0.11336154945016516,244.078431372549,5.6667557033756406e-05,0.00021060771862102241,1.0,600,400,384,VRJ7774,0.999994158744812,159,241,249,267
/Users/NikhilKalidasu/Documents/Adversarial Plate/mycar/IMG_5870.HEIC,/Users/NikhilKalidasu/Documents/Adversarial Plate/preprocessed_images/IMG_5870_processed.png,139.2941176470588,194.50980392156862,161.79271708683473,207.95518207282913,159.19327731092437,227.85434173669466,137.23249299719888,213.24369747899158,0.0185086811421627,0.00038821178284396274,139.2941176470588,-0.001997930736255235,0.055446796882733,194.50980392156862,-0.00011736612705877046,4.038601417527953e-05,1.0,600,400,384,RW1333,0.5775843262672424,136,194,161,225
/Users/NikhilKalidasu/Documents/Adversarial Plate/mycar/IMG_5871.HEIC,/Users/NikhilKalidasu/Documents/Adversarial Plate/preprocessed_images/IMG_5871_processed.png,136.96358543417367,184.56022408963585,189.84873949579833,184.56022408963585,190.0280112044818,210.1064425770308,137.85994397759103,209.8375350140056,0.08476533911688441,0.006990990289908467,136.96358543417367,-0.0032825246048836746,0.07042342678642864,184.56022408963585,-1.7785655717937586e-05,3.44559398061062e-05,1.0,600,400,384,VRJ7774,0.9999586939811707,136,182,190,211
/Users/NikhilKalidasu/Documents/Adversarial Plate/mycar/IMG_5872.HEIC,/Users/NikhilKalidasu/Documents/Adversarial Plate/preprocessed_images/IMG_5872_processed.png,169.94957983193277,301.26610644257704,220.3249299719888,300.9075630252101,220.95238095238096,324.84033613445376,171.20448179271708,325.01960784313724,0.08124324266871866,0.008575517630044075,169.94957983193277,-0.004306489528561759,0.06970791091084036,301.26610644257704,-1.2325769179729058e-05,3.176472175925614e-05,1.0,600,400,384,VRJ7774,0.9999502897262573,169,299,221,326
/Users/NikhilKalidasu/Documents/Adversarial Plate/mycar/IMG_5873.HEIC,/Users/NikhilKalidasu/Documents/Adversarial Plate/preprocessed_images/IMG_5873_processed.png,203.921568627451,208.67226890756302,219.96638655462186,193.79271708683473,221.84873949579833,211.89915966386553,206.07282913165267,228.84033613445376,0.0695517203195474,0.0069815366747898525,203.921568627451,0.012917125150710572,0.052200700021411875,208.67226890756302,0.00019462226832991743,7.78067356595228e-06,1.0,600,400,384,HJH77A,0.58375483751297,203,193,224,226
/Users/NikhilKalidasu/Documents/Adversarial Plate/mycar/IMG_5875.HEIC,/Users/NikhilKalidasu/Documents/Adversarial Plate/preprocessed_images/IMG_5875_processed.png,199.26050420168067,214.94677871148457,245.42296918767508,215.3949579831933,245.33333333333334,238.52100840336135,198.90196078431373,237.8935574229692,0.07383103872670421,-0.003783503450088987,199.26050420168067,-0.001979362599978101,0.053913822586595,214.94677871148457,-1.2657343878210164e-05,-1.4515417018952347e-05,1.0,600,400,384,VRJ7774,0.9999715089797974,198,214,246,238
/Users/NikhilKalidasu/Documents/Adversarial Plate/mycar/IMG_5876.HEIC,/Users/NikhilKalidasu/Documents/Adversarial Plate/preprocessed_images/IMG_5876_processed.png,146.8235294117647,185.9047619047619,181.33333333333334,190.92436974789916,178.5546218487395,211.71988795518206,144.22408963585434,205.4453781512605,0.03924873867108859,-0.00637976738385025,146.8235294117647,-0.010867793429414484,0.04902081536589325,185.9047619047619,-0.00010074044778414959,8.239404126293595e-07,1.0,600,400,384,WRJ7774,0.9941470623016357,144,188,180,210
/Users/NikhilKalidasu/Documents/Adversarial Plate/mycar/IMG_5877.HEIC,/Users/NikhilKalidasu/Documents/Adversarial Plate/preprocessed_images/IMG_5877_processed.png,197.73669467787116,183.39495798319328,233.3221288515406,178.01680672268907,235.20448179271708,198.27450980392155,200.42577030812325,204.9075630252101,0.08588096894330967,0.01649221576530928,197.73669467787116,0.01130987488337035,0.06376949919386414,183.39495798319328,0.00011388509147411906,4.874386499630218e-05,1.0,600,400,384,VRJ7774,0.9305216670036316,198,180,235,204
/Users/NikhilKalidasu/Documents/Adversarial Plate/mycar/IMG_5878.HEIC,/Users/NikhilKalidasu/Documents/Adversarial Plate/preprocessed_images/IMG_5878_processed.png,202.66666666666666,136.3361344537815,238.78991596638656,132.57142857142858,240.67226890756302,153.6358543417367,205.1764705882353,158.47619047619048,0.08188040309441821,0.013860205907957168,202.66666666666666,0.005759013714409898,0.06120925351689394,136.3361344537815,9.077011274603478e-05,3.69715693143937e-05,1.0,600,400,384,VRJ7774,0.9881194233894348,203,132,241,158
/Users/NikhilKalidasu/Documents/Adversarial Plate/mycar/IMG_5879.HEIC,/Users/NikhilKalidasu/Documents/Adversarial Plate/preprocessed_images/IMG_5879_processed.png,158.38655462184875,117.69187675070029,205.71428571428572,116.16806722689077,206.70028011204482,140.01120448179273,160.17927170868347,142.34173669467788,0.09103593671095733,0.01112505259440772,158.38655462184875,0.004325099515976214,0.06752811750694206,117.69187675070029,5.909353766083562e-05,4.1473904872054355e-05,1.0,600,400,384,VRJ7774,0.9999862313270569,159,115,206,141
/Users/NikhilKalidasu/Documents/Adversarial Plate/mycar/IMG_5880.HEIC,/Users/NikhilKalidasu/Documents/Adversarial Plate/preprocessed_images/IMG_5880_processed.png,154.35294117647058,150.31932773109244,196.48179271708685,157.57983193277312,192.89635854341736,182.9467787114846,151.2156862745098,174.1624649859944,0.04992838021211265,-0.005792745611693372,154.35294117647058,-0.0041689783687522165,0.06196937897765461,150.31932773109244,-0.00010324810291603635,1.3559384569973805e-05,1.0,600,400,384,VRJ7774,0.9999028444290161,150,151,195,182
/Users/NikhilKalidasu/Documents/Adversarial Plate/mycar/IMG_5882.HEIC,/Users/NikhilKalidasu/Documents/Adversarial Plate/preprocessed_images/IMG_5882_processed.png,171.11484593837534,184.56022408963585,212.34733893557424,183.84313725490196,212.9747899159664,204.81792717086836,171.11484593837534,205.80392156862746,0.07300576331610174,-0.0064898616755467205,171.11484593837534,0.0025146126973795632,0.04530373169797387,184.56022408963585,2.0178927956350113e-05,-3.792693521101001e-05,1.0,600,400,384,VRJ7774,0.9998738169670105,170,184,214,205
/Users/NikhilKalidasu/Documents/Adversarial Plate/mycar/IMG_5883.HEIC,/Users/NikhilKalidasu/Documents/Adversarial Plate/preprocessed_images/IMG_5883_processed.png,201.94957983193277,177.92717086834733,235.0252100840336,172.10084033613447,237.53501400560225,192.0,204.9075630252101,198.99159663865544,0.07930105375483527,0.011999650062454131,201.94957983193277,0.007991968717311487,0.05713281263922573,177.92717086834733,0.00010286131996658313,2.2472045498361288e-05,1.0,600,400,384,NRJ7774,0.9189018607139587,202,173,237,197
/Users/NikhilKalidasu/Documents/Adversarial Plate/mycar/IMG_5884.HEIC,/Users/NikhilKalidasu/Documents/Adversarial Plate/preprocessed_images/IMG_5884_processed.png,155.07002801120447,129.07563025210084,189.84873949579833,134.99159663865547,186.53221288515405,157.84873949579833,152.38095238095238,150.31932773109244,0.034466091434429406,-0.0024710138386463756,155.07002801120447,-0.006848569774099162,0.057303396269491914,129.07563025210084,-0.00012377447313565324,2.7901618742706687e-05,1.0,600,400,384,VRJ7774,0.9871940612792969,152,129,189,157
/Users/NikhilKalidasu/Documents/Adversarial Plate/mycar/IMG_5885.HEIC,/Users/NikhilKalidasu/Documents/Adversarial Plate/preprocessed_images/IMG_5885_processed.png,132.57142857142858,154.1736694677871,166.0952380952381,163.31652661064425,162.6890756302521,184.38095238095238,129.43417366946778,173.80392156862746,0.036878243965045396,-0.007500733747556557,132.57142857142858,-0.0034389012089216086,0.04953540892297531,154.1736694677871,-0.00011436072536335438,2.6453872083256053e-06,1.0,600,400,384,WRJ7774,0.9295437335968018,130,157,164,182
/Users/NikhilKalidasu/Documents/Adversarial Plate/mycar/IMG_5886.HEIC,/Users/NikhilKalidasu/Documents/Adversarial Plate/preprocessed_images/IMG_5886_processed.png,160.53781512605042,190.83473389355743,209.3893557422969,190.83473389355743,209.74789915966386,214.7675070028011,161.43417366946778,214.4985994397759,0.07745410559551164,0.006767528492832286,160.53781512605042,-0.0036137667553383505,0.0651742283837879,190.83473389355743,-1.8936630044266545e-05,2.8040110909583674e-05,1.0,600,400,384,VRJ7774,0.9999604821205139,161,191,209,214
/Users/NikhilKalidasu/Documents/Adversarial Plate/mycar/IMG_5887.HEIC,/Users/NikhilKalidasu/Documents/Adversarial Plate/preprocessed_images/IMG_5887_processed.png,244.9747899159664,200.2464985994398,284.41456582633054,187.60784313725492,287.4621848739496,210.64425770308122,249.00840336134453,225.703081232493,0.12063418052945321,0.020331889475490104,244.9747899159664,0.015149962783371449,0.07293018986579672,200.2464985994398,0.00019303238045962145,4.115465873323848e-05,1.0,600,400,384,VRJ7774,0.9989466071128845,246,191,288,224
/Users/NikhilKalidasu/Documents/Adversarial Plate/mycar/IMG_5888.HEIC,/Users/NikhilKalidasu/Documents/Adversarial Plate/preprocessed_images/IMG_5888_processed.png,224.35854341736695,169.94957983193277,258.4201680672269,160.35854341736695,261.4677871148459,183.2156862745098,228.1232492997199,194.50980392156862,0.091853045260709,0.017430500320841643,224.35854341736695,0.005785555729594348,0.06823775326317084,169.94957983193277,0.00013576212377955298,3.515089163237311e-05,1.0,600,400,384,VRJ7774,0.9756789803504944,225,163,261,193
/Users/NikhilKalidasu/Documents/Adversarial Plate/mycar/IMG_5889.HEIC,/Users/NikhilKalidasu/Documents/Adversarial Plate/preprocessed_images/IMG_5889_processed.png,178.53968253968253,200.0,200.38095238095238,191.36507936507934,204.8253968253968,210.28571428571428,183.23809523809524,222.09523809523807,0.08822940954898274,0.002499190662213224,178.53968253968253,0.035103859000308185,0.044030385566855734,200.0,0.00025864381085650984,-5.046352982333393e-05,1.0,600,400,384,14JP7744,0.8002150654792786,178,191,205,221
/Users/NikhilKalidasu/Documents/Adversarial Plate/mycar/IMG_5890.HEIC,/Users/NikhilKalidasu/Documents/Adversarial Plate/preprocessed_images/IMG_5890_processed.png,155.93650793650792,200.5079365079365,203.93650793650792,200.5079365079365,203.8095238095238,225.1428571428571,155.8095238095238,224.6349206349206,0.0729922548270972,-0.0003387062981259556,155.93650793650792,-0.006889931275226355,0.06028682939667994,200.5079365079365,-3.436238682229737e-05,-1.363586778662594e-07,1.0,600,400,384,VRJ7774,0.9999867677688599,155,198,204,225
/Users/NikhilKalidasu/Documents/Adversarial Plate/mycar/IMG_5891.HEIC,/Users/NikhilKalidasu/Documents/Adversarial Plate/preprocessed_images/IMG_5891_processed.png,153.77777777777777,182.47619047619045,173.7142857142857,191.1111111111111,169.14285714285714,212.57142857142856,149.7142857142857,201.26984126984127,-0.0023290910252817963,-0.011189075196507837,153.77777777777777,-0.02472592862049522,0.045598972713662506,182.47619047619045,-0.0002046843994815503,-6.8820756340112105e-06,1.0,600,400,384,R25373M,0.5600152611732483,149,182,173,212
/Users/NikhilKalidasu/Documents/Adversarial Plate/mycar/IMG_5892.HEIC,/Users/NikhilKalidasu/Documents/Adversarial Plate/preprocessed_images/IMG_5892_processed.png,142.09523809523807,226.41269841269838,176.76190476190476,228.8253968253968,176.25396825396825,247.6190476190476,141.84126984126982,244.3174603174603,0.043498916062329966,0.0017283950617283947,142.09523809523807,-0.01446339690644873,0.04883264728684005,226.41269841269838,-8.078019828243642e-05,1.6661693026957126e-05,1.0,600,400,384,WRJ7774,0.9837427139282227,140,224,177,248
/Users/NikhilKalidasu/Documents/Adversarial Plate/mycar/IMG_5893.HEIC,/Users/NikhilKalidasu/Documents/Adversarial Plate/preprocessed_images/IMG_5893_processed.png,183.61904761904762,235.04761904761904,217.9047619047619,232.76190476190476,218.4126984126984,250.53968253968253,184.12698412698413,253.33333333333331,0.06749517374517375,0.0010754504504504503,183.61904761904762,0.007248632561132562,0.04544683075933075,235.04761904761904,4.750844594594595e-05,-1.0557432432432433e-06,1.0,600,400,384,WBJ7774,0.9351499080657959,182,231,219,254
/Users/NikhilKalidasu/Documents/Adversarial Plate/mycar/IMG_5894.HEIC,/Users/NikhilKalidasu/Documents/Adversarial Plate/preprocessed_images/IMG_5894_processed.png,172.57142857142856,232.6349206349206,200.12698412698413,227.17460317460313,201.52380952380952,243.3015873015873,174.09523809523807,249.52380952380952,0.06196460846920251,0.004758704168092463,172.57142857142856,0.009105818025055806,0.04358264483680092,232.6349206349206,8.014252857125833e-05,5.45207536376962e-06,1.0,600,400,384,WWJ7774,0.8619409203529358,171,226,202,251
/Users/NikhilKalidasu/Documents/Adversarial Plate/mycar/IMG_5895.HEIC,/Users/NikhilKalidasu/Documents/Adversarial Plate/preprocessed_images/IMG_5895_processed.png,157.57983193277312,243.5406162464986,208.49299719887955,244.16806722689074,208.8515406162465,270.52100840336135,156.7731092436975,269.98319327731093,0.08619607296438492,-0.010796798466444369,157.57983193277312,0.0026159719464810337,0.05098618235279357,243.5406162464986,6.4308995452505024e-06,-5.600444990924528e-05,1.0,600,400,384,VRJ7774,0.9999858140945435,156,243,208,270
/Users/NikhilKalidasu/Documents/Adversarial Plate/mycar/IMG_5896.HEIC,/Users/NikhilKalidasu/Documents/Adversarial Plate/preprocessed_images/IMG_5896_processed.png,179.18207282913164,195.40616246498598,204.54901960784315,202.4873949579832,200.24649859943978,222.92436974789916,175.32773109243698,213.0644257703081,-0.003240644737447585,-0.011857325943309866,179.18207282913164,-0.03325805587293755,0.041446047835422176,195.40616246498598,-0.00022253291389956893,-1.2670394966794832e-05,1.0,600,400,384,WRJ7774,0.8722532391548157,172,195,203,222
/Users/NikhilKalidasu/Documents/Adversarial Plate/mycar/IMG_5897.HEIC,/Users/NikhilKalidasu/Documents/Adversarial Plate/preprocessed_images/IMG_5897_processed.png,187.69747899159665,202.39775910364148,216.11204481792717,195.40616246498598,219.07002801120447,215.12605042016804,191.0140056022409,224.2689075630252,0.08685417592765605,0.008873144140385366,187.69747899159665,0.02405970490541632,0.05536099301127701,202.39775910364148,0.00018275967103259213,3.04599451720987e-06,1.0,600,400,384,VBJ7774,0.9886477589607239,188,195,220,224
/Users/NikhilKalidasu/Documents/Adversarial Plate/mycar/IMG_5898.HEIC,/Users/NikhilKalidasu/Documents/Adversarial Plate/preprocessed_images/IMG_5898_processed.png,221.57983193277312,200.15686274509807,253.66946778711485,191.82072829131653,256.8067226890756,212.97478991596637,225.2549019607843,223.82072829131653,0.10472585523226971,0.011999910551000383,221.57983193277312,0.02485566365473576,0.06195399414648057,200.15686274509807,0.00020200747553651675,1.248468049526384e-05,1.0,600,400,384,VBJ7774,0.9653570652008057,221,193,257,224
/Users/NikhilKalidasu/Documents/Adversarial Plate/mycar/IMG_5899.HEIC,/Users/NikhilKalidasu/Documents/Adversarial Plate/preprocessed_images/IMG_5899_processed.png,120.56022408963585,181.15406162464987,264.4257703081233,201.77030812324932,269.8935574229692,247.3949579831933,143.4173669467787,223.64145658263305,0.176500733002823,0.10866488953358885,120.56022408963585,-0.01392176687758986,0.18656065665425528,181.15406162464987,-0.0002392927787922902,0.000359245421161938,1.0,600,400,384,VRJ7774,0.9981188178062439,120,177,274,250
/Users/NikhilKalidasu/Documents/Adversarial Plate/mycar/IMG_5901.HEIC,/Users/NikhilKalidasu/Documents/Adversarial Plate/preprocessed_images/IMG_5901_processed.png,203.0252100840336,197.6470588235294,254.83473389355743,160.2689075630252,253.13165266106444,194.06162464985994,204.54901960784315,233.32212885154064,0.1451786234700126,0.040258240634784205,203.0252100840336,-0.025298326501590168,0.13076349009901697,197.6470588235294,0.00023085321306858764,0.00017819062098238883,1.0,600,400,384,VRJ7774,0.9470503330230713,202,161,257,226
/Users/NikhilKalidasu/Documents/Adversarial Plate/mycar/IMG_5902.HEIC,/Users/NikhilKalidasu/Documents/Adversarial Plate/preprocessed_images/IMG_5902_processed.png,204.81792717086836,149.42296918767508,247.57422969187675,120.9187675070028,244.61624649859945,150.6778711484594,204.54901960784315,179.63025210084035,0.10698258351581948,0.03691636994556071,204.81792717086836,-0.030059832274410364,0.10852768680160728,149.42296918767508,0.00014428835892409887,0.00018376347598823912,1.0,600,400,384,VRJ1774,0.9456015825271606,202,122,248,172
/Users/NikhilKalidasu/Documents/Adversarial Plate/mycar/IMG_5903.HEIC,/Users/NikhilKalidasu/Documents/Adversarial Plate/preprocessed_images/IMG_5903_processed.png,213.51260504201682,175.50700280112045,263.9775910364146,189.84873949579833,255.82072829131653,225.88235294117646,207.50700280112045,206.52100840336135,0.0182667507300691,-0.005022088688564698,213.51260504201682,-0.02344937121818693,0.08747945312832794,175.50700280112045,-0.0002494210171480475,4.815219139015123e-05,1.0,600,400,384,VRJ7774,0.9998604655265808,206,178,263,224
/Users/NikhilKalidasu/Documents/Adversarial Plate/mycar/IMG_5904.HEIC,/Users/NikhilKalidasu/Documents/Adversarial Plate/preprocessed_images/IMG_5904_processed.png,177.21008403361344,196.30252100840335,217.99439775910363,194.59943977591035,219.24929971988794,215.66386554621852,177.92717086834733,217.27731092436977,0.06607002468350837,-0.003925884829882113,177.21008403361344,-0.004537982800660761,0.04545365436365822,196.30252100840335,-8.733396569877916e-06,-3.214012727122031e-05,1.0,600,400,384,VRJ7774,0.9997727870941162,177,195,219,216
/Users/NikhilKalidasu/Documents/Adversarial Plate/mycar/IMG_5906.HEIC,/Users/NikhilKalidasu/Documents/Adversarial Plate/preprocessed_images/IMG_5906_processed.png,191.23809523809524,189.46031746031744,232.63492063492063,171.68253968253967,237.46031746031744,199.4920634920635,197.84126984126982,223.1111111111111,0.15619114988206187,0.025154111160795863,191.23809523809524,0.03472058220426835,0.09387751613280819,189.46031746031744,0.00037482094540824447,4.370258369144252e-05,1.0,600,400,384,VRJ7774,0.9997217655181885,190,174,239,222
/Users/NikhilKalidasu/Documents/Adversarial Plate/mycar/IMG_5907.HEIC,/Users/NikhilKalidasu/Documents/Adversarial Plate/preprocessed_images/IMG_5907_processed.png,151.61904761904762,201.77777777777777,175.11111111111111,211.8095238095238,170.28571428571428,236.69841269841265,147.04761904761904,222.85714285714283,-0.0024834108933084183,-0.018301329429547375,151.61904761904762,-0.033643197666191914,0.042282445261700455,201.77777777777777,-0.0002377738898608681,-4.6738315421144714e-05,1.0,600,400,384,WBC7774,0.7728222012519836,146,203,174,236
/Users/NikhilKalidasu/Documents/Adversarial Plate/mycar/IMG_5908.HEIC,/Users/NikhilKalidasu/Documents/Adversarial Plate/preprocessed_images/IMG_5908_processed.png,182.34920634920633,175.1111111111111,194.03174603174602,178.03174603174602,191.36507936507937,190.34920634920633,179.17460317460316,187.04761904761904,0.013434881132182814,-0.028429444138512918,182.34920634920633,-0.0006705589744745756,0.008447864436908866,175.1111111111111,-3.110840603232569e-05,-0.00011437411239602355,1.0,600,400,384,L3730,0.37945452332496643,179,174,194,189
/Users/NikhilKalidasu/Documents/Adversarial Plate/mycar/IMG_5909.HEIC,/Users/NikhilKalidasu/Documents/Adversarial Plate/preprocessed_images/IMG_5909_processed.png,152.76190476190476,186.15873015873015,183.74603174603175,188.8253968253968,182.09523809523807,205.84126984126982,150.6031746031746,203.17460317460313,0.05240799091030399,-0.011420053391699414,152.76190476190476,0.005233447744117793,0.034413911214388755,186.15873015873015,4.1784808237576476e-06,-3.9994030741680344e-05,1.0,600,400,384,WAJ7374,0.91084223985672,151,186,183,205
/Users/NikhilKalidasu/Documents/Adversarial Plate/mycar/IMG_5910.HEIC,/Users/NikhilKalidasu/Documents/Adversarial Plate/preprocessed_images/IMG_5910_processed.png,178.66666666666666,203.17460317460313,215.61904761904762,200.5079365079365,217.65079365079364,220.44444444444446,180.3174603174603,224.25396825396825,0.08128233874277872,-0.0018174838012738434,178.66666666666666,0.013870316255495719,0.045305503993269325,203.17460317460313,9.134182426347614e-05,-3.2966679531712335e-05,1.0,600,400,384,VRJ7774,0.9979851841926575,178,200,217,224
/Users/NikhilKalidasu/Documents/Adversarial Plate/mycar/IMG_5911.HEIC,/Users/NikhilKalidasu/Documents/Adversarial Plate/preprocessed_images/IMG_5911_processed.png,177.015873015873,153.77777777777777,227.68253968253967,136.0,232.5079365079365,166.98412698412696,184.76190476190476,189.96825396825395,0.1597791642913421,0.038352342904268436,177.015873015873,0.015369525393252353,0.10999849030754916,153.77777777777777,0.0003308761398741322,0.0001027661170935491,1.0,600,400,384,VRJ7774,0.9999918341636658,176,138,234,188
/Users/NikhilKalidasu/Documents/Adversarial Plate/mycar/IMG_5912.HEIC,/Users/NikhilKalidasu/Documents/Adversarial Plate/preprocessed_images/IMG_5912_processed.png,155.3015873015873,138.28571428571428,263.87301587301585,131.68253968253967,261.3333333333333,184.25396825396825,158.85714285714286,192.25396825396825,0.19667751230709787,0.03286269682462425,155.3015873015873,-0.003157860199303785,0.1639345000003338,138.28571428571428,5.9593556024252035e-05,0.00015091425858826217,1.0,600,400,384,VRJ7774,0.9999907612800598,154,136,264,191
/Users/NikhilKalidasu/Documents/Adversarial Plate/mycar/IMG_5914.HEIC,/Users/NikhilKalidasu/Documents/Adversarial Plate/preprocessed_images/IMG_5914_processed.png,204.4593837535014,189.0420168067227,234.93557422969187,187.24929971988794,236.01120448179273,202.39775910364148,205.80392156862746,204.72829131652662,0.06515276211477053,0.007269696318237415,204.4593837535014,0.00845669505614755,0.04310361112925045,189.0420168067227,6.11193573736139e-05,1.8990657469658607e-05,1.0,600,400,384,WRJ7714,0.9432648420333862,205,187,238,204
/Users/NikhilKalidasu/Documents/Adversarial Plate/mycar/IMG_5915.HEIC,/Users/NikhilKalidasu/Documents/Adversarial Plate/preprocessed_images/IMG_5915_processed.png,161.14285714285714,188.8253968253968,196.19047619047618,187.8095238095238,196.57142857142856,206.09523809523807,161.3968253968254,207.1111111111111,0.058347157397067195,-0.0008208534967404479,161.14285714285714,-0.0017558628983764277,0.043846175872634084,188.8253968253968,-3.3406828355715905e-07,-9.019843656043295e-06,1.0,600,400,384,NRJ7774,0.9529280066490173,162,188,196,205
/Users/NikhilKalidasu/Documents/Adversarial Plate/mycar/IMG_5917.HEIC,/Users/NikhilKalidasu/Documents/Adversarial Plate/preprocessed_images/IMG_5917_processed.png,147.00280112044817,141.80392156862746,181.78151260504202,158.47619047619048,176.04481792717087,191.2829131652661,140.99719887955183,169.7703081232493,0.01897348249309442,-0.025143958458018773,147.00280112044817,-0.006205070949662663,0.05771880763967394,141.80392156862746,-0.00021449396084964598,-7.184506455643481e-05,1.0,600,400,384,VPJ7774,0.9891428351402283,139,147,181,189
/Users/NikhilKalidasu/Documents/Adversarial Plate/mycar/IMG_7095.HEIC,/Users/NikhilKalidasu/Documents/Adversarial Plate/preprocessed_images/IMG_7095_processed.png,281.6507936507936,141.46031746031744,310.3492063492063,124.69841269841268,309.968253968254,147.04761904761904,282.7936507936508,164.95238095238093,0.09808190864338658,0.04346397531650344,281.6507936507936,-0.007745550965120795,0.08241595817547054,141.46031746031744,0.0001619183158346983,0.00014359174028624367,1.0,600,400,384,VPJ1T74,0.8250298500061035,280,122,312,165
/Users/NikhilKalidasu/Documents/Adversarial Plate/mycar/IMG_7096.HEIC,/Users/NikhilKalidasu/Documents/Adversarial Plate/preprocessed_images/IMG_7096_processed.png,90.03174603174602,275.55555555555554,181.33333333333331,273.26984126984127,173.33333333333331,311.1111111111111,84.6984126984127,317.07936507936506,0.18345970274863238,-0.0049840277405227215,90.03174603174602,0.04334518244166464,0.13506621955952097,275.55555555555554,0.00017255730098889827,9.85768838731388e-05,1.0,600,400,384,VRJ7774,0.9999867677688599,81,267,187,323
/Users/NikhilKalidasu/Documents/Adversarial Plate/mycar/IMG_7097.HEIC,/Users/NikhilKalidasu/Documents/Adversarial Plate/preprocessed_images/IMG_7097_processed.png,128.0,209.65079365079362,182.60317460317458,252.69841269841265,176.5079365079365,291.17460317460313,126.22222222222221,244.57142857142856,0.03888439320316301,0.016098175440636416,128.0,-0.00038233169363078093,0.1271054966563818,209.65079365079362,-0.0002854325940137399,0.00016274962937123922,1.0,600,400,384,VRJ7774,0.9972180128097534,125,211,182,288
/Users/NikhilKalidasu/Documents/Adversarial Plate/mycar/IMG_7098.HEIC,/Users/NikhilKalidasu/Documents/Adversarial Plate/preprocessed_images/IMG_7098_processed.png,123.42857142857142,199.23809523809524,144.88888888888889,223.36507936507934,143.11111111111111,252.95238095238096,122.28571428571428,225.39682539682536,0.003493561648228313,0.0029755151515151513,123.42857142857142,-0.009542367163700497,0.07614757094757095,199.23809523809524,-0.00022274747474747476,4.769696969696969e-05,1.0,600,400,384,CJ77744,0.6138328909873962,120,200,146,247
/Users/NikhilKalidasu/Documents/Adversarial Plate/mycar/IMG_7099.HEIC,/Users/NikhilKalidasu/Documents/Adversarial Plate/preprocessed_images/IMG_7099_processed.png,163.68253968253967,120.76190476190476,181.96825396825395,129.65079365079364,176.12698412698413,150.2222222222222,158.984126984127,139.3015873015873,-0.0039784196804254135,-0.0006345026975399489,163.68253968253967,-0.009733794375628187,0.05608510680143917,120.76190476190476,-0.00018934407186556185,6.989080771315727e-05,1.0,600,400,384,KB5788,0.5479472279548645,159,123,180,148
/Users/NikhilKalidasu/Documents/Adversarial Plate/mycar/IMG_7100.HEIC,/Users/NikhilKalidasu/Documents/Adversarial Plate/preprocessed_images/IMG_7100_processed.png,126.09523809523809,114.28571428571428,157.07936507936506,114.53968253968253,153.52380952380952,137.015873015873,122.53968253968253,135.4920634920635,0.03696349493243161,-0.010859704479776165,126.09523809523809,-0.010278739358787148,0.05083674323817693,114.28571428571428,-9.343503967159881e-05,-1.608308059920963e-05,1.0,600,400,384,PP47774,0.9519258141517639,123,112,156,136
/Users/NikhilKalidasu/Documents/Adversarial Plate/mycar/IMG_7101.HEIC,/Users/NikhilKalidasu/Documents/Adversarial Plate/preprocessed_images/IMG_7101_processed.png,152.0,113.65079365079364,206.34920634920633,115.68253968253967,204.95238095238093,143.4920634920635,151.61904761904762,141.46031746031744,0.09010432964944878,0.006253784989841241,152.0,0.0031184481065118243,0.0762471502772731,113.65079365079364,-2.3149152885686586e-06,4.7528104518425276e-05,1.0,600,400,384,VRJ7774,0.999990701675415,150,112,206,143
/Users/NikhilKalidasu/Documents/Adversarial Plate/mycar/IMG_7102.HEIC,/Users/NikhilKalidasu/Documents/Adversarial Plate/preprocessed_images/IMG_7102_processed.png,198.60317460317458,144.12698412698413,244.06349206349205,134.47619047619045,249.14285714285714,161.3968253968254,203.8095238095238,173.07936507936506,0.10551503500447605,0.010268075645828784,198.60317460317458,0.0003060628291211452,0.07004746464551917,144.12698412698413,0.00012188565764494398,-1.3482183357693663e-05,1.0,600,400,384,VRJ7774,0.9999651312828064,199,134,249,172
/Users/NikhilKalidasu/Documents/Adversarial Plate/mycar/IMG_7104.HEIC,/Users/NikhilKalidasu/Documents/Adversarial Plate/preprocessed_images/IMG_7104_processed.png,207.87301587301587,117.58730158730157,233.52380952380952,128.0,225.9047619047619,152.25396825396825,201.65079365079364,139.17460317460316,-0.004178600605313525,-0.005617420170759287,207.87301587301587,-0.008368919036742103,0.0608273196998262,117.58730158730157,-0.00020096419055655828,4.928388926654322e-05,1.0,600,400,384,BBE5774,0.7464269995689392,201,118,231,150
/Users/NikhilKalidasu/Documents/Adversarial Plate/mycar/IMG_7106.HEIC,/Users/NikhilKalidasu/Documents/Adversarial Plate/preprocessed_images/IMG_7106_processed.png,123.8095238095238,160.12698412698413,190.09523809523807,161.65079365079364,189.2063492063492,194.15873015873012,123.8095238095238,193.65079365079362,0.12030760919649808,0.0043376710043376695,123.8095238095238,0.010900000529630157,0.0905940861496417,160.12698412698413,5.171838505171839e-05,3.503503503503503e-05,1.0,600,400,384,VRJ7774,0.999995768070221,121,158,190,194
/Users/NikhilKalidasu/Documents/Adversarial Plate/mycar/IMG_7107.HEIC,/Users/NikhilKalidasu/Documents/Adversarial Plate/preprocessed_images/IMG_7107_processed.png,200.63492063492063,160.0,230.2222222222222,149.46031746031744,234.79365079365078,173.84126984126982,206.34920634920633,188.44444444444443,0.11607049376880546,0.02058805706044189,200.63492063492063,0.025773381399919113,0.07686660445123158,160.0,0.0002899734170413733,3.054212267752609e-05,1.0,600,400,384,VB37774,0.864494800567627,201,152,236,187
/Users/NikhilKalidasu/Documents/Adversarial Plate/mycar/IMG_7111.HEIC,/Users/NikhilKalidasu/Documents/Adversarial Plate/preprocessed_images/IMG_7111_processed.png,165.46031746031744,104.5079365079365,183.74603174603175,102.85714285714286,185.52380952380952,115.30158730158729,167.4920634920635,117.96825396825395,0.055863573234438815,0.0075546172491985294,165.46031746031744,0.011459997244655932,0.03539416686214716,104.5079365079365,0.000138165611072015,1.4778325123152711e-05,1.0,600,400,384,NJ7779,0.5981259942054749,165,103,186,116
/Users/NikhilKalidasu/Documents/Adversarial Plate/mycar/IMG_7112.HEIC,/Users/NikhilKalidasu/Documents/Adversarial Plate/preprocessed_images/IMG_7112_processed.png,174.60317460317458,132.44444444444443,198.85714285714283,132.06349206349205,199.4920634920635,144.5079365079365,175.4920634920635,145.26984126984127,0.05076702464800783,0.006502631813110467,174.60317460317458,0.00623448804561353,0.035606754416586235,132.44444444444443,5.201595515308323e-05,2.4390901250539027e-05,1.0,600,400,384,V1J7114,0.7379213571548462,175,131,199,144
/Users/NikhilKalidasu/Documents/Adversarial Plate/mycar/IMG_7113.HEIC,/Users/NikhilKalidasu/Documents/Adversarial Plate/preprocessed_images/IMG_7113_processed.png,170.79365079365078,140.8253968253968,197.46031746031744,141.33333333333331,196.44444444444443,155.68253968253967,169.77777777777777,154.28571428571428,0.024133008648920984,-0.0035376206070638853,170.79365079365078,-0.013691463616730218,0.03274391649905966,140.8253968253968,-0.0001028633806364934,-5.877907464942481e-06,1.0,600,400,384,VPJ7774,0.9157126545906067,170,141,196,154
/Users/NikhilKalidasu/Documents/Adversarial Plate/mycar/IMG_7114.HEIC,/Users/NikhilKalidasu/Documents/Adversarial Plate/preprocessed_images/IMG_7114_processed.png,210.28571428571428,163.8095238095238,230.47619047619045,168.25396825396825,226.66666666666666,183.74603174603172,207.1111111111111,178.79365079365078,0.018041665274854974,0.004775743346742444,210.28571428571428,-0.003987686310564352,0.048434474300793555,163.8095238095238,-6.772555700303971e-05,6.137889568092994e-05,1.0,600,400,384,RPS1734,0.5897020101547241,207,163,229,182
/Users/NikhilKalidasu/Documents/Adversarial Plate/mycar/IMG_7116.HEIC,/Users/NikhilKalidasu/Documents/Adversarial Plate/preprocessed_images/IMG_7116_processed.png,306.53968253968253,157.33333333333331,308.19047619047615,185.015873015873,289.015873015873,210.66666666666663,286.6031746031746,181.33333333333331,0.017861430294602642,-0.10859569785885032,306.53968253968253,0.05520861133351125,0.02282617491842937,157.33333333333331,4.902847008789829e-05,-0.00020500271184689688,1.0,600,400,384,ARU7774,0.8046620488166809,285,158,309,204
/Users/NikhilKalidasu/Documents/Adversarial Plate/mycar/IMG_7117.HEIC,/Users/NikhilKalidasu/Documents/Adversarial Plate/preprocessed_images/IMG_7117_processed.png,174.73015873015873,218.66666666666663,246.98412698412696,218.66666666666663,244.44444444444443,251.04761904761904,174.85714285714286,251.9365079365079,0.13216800078834462,0.017524480374766914,174.73015873015873,0.010398153454313911,0.10796670759994542,218.66666666666663,4.755253104106972e-05,9.840616045845274e-05,1.0,600,400,384,VRJ7774,0.9999907612800598,173,216,246,252
/Users/NikhilKalidasu/Documents/Adversarial Plate/mycar/IMG_7118.HEIC,/Users/NikhilKalidasu/Documents/Adversarial Plate/preprocessed_images/IMG_7118_processed.png,167.11111111111111,196.06349206349205,212.3174603174603,220.19047619047615,207.1111111111111,251.3015873015873,163.8095238095238,224.76190476190476,0.038411055635798885,0.004621175072572252,167.11111111111111,0.0019092605861175272,0.08941192607779662,196.06349206349205,-0.00017395111854151738,7.85982586794624e-05,1.0,600,400,384,VRJ7774,0.9852695465087891,161,197,212,247
/Users/NikhilKalidasu/Documents/Adversarial Plate/mycar/IMG_7121.HEIC,/Users/NikhilKalidasu/Documents/Adversarial Plate/preprocessed_images/IMG_7121_processed.png,130.03174603174602,177.3968253968254,156.44444444444443,184.63492063492063,154.4126984126984,203.55555555555554,128.76190476190476,195.4285714285714,0.02895748392824416,0.004913871981541154,130.03174603174602,-0.005714584929288355,0.05735566021280306,177.3968253968254,-9.628772786667524e-05,6.281729965940492e-05,1.0,600,400,384,WRJ1334,0.8002578020095825,127,177,157,203
/Users/NikhilKalidasu/Documents/Adversarial Plate/mycar/IMG_7122.HEIC,/Users/NikhilKalidasu/Documents/Adversarial Plate/preprocessed_images/IMG_7122_processed.png,182.34920634920633,168.0,213.2063492063492,168.5079365079365,212.95238095238093,184.25396825396825,182.09523809523807,183.49206349206347,0.04569949954504094,-0.0006953290870488322,182.34920634920633,-0.0036814191352407917,0.038669286893809184,168.0,-2.6871019108280256e-05,-3.3174097664543527e-07,1.0,600,400,384,PPJ774,0.8599226474761963,181,166,213,184
/Users/NikhilKalidasu/Documents/Adversarial Plate/mycar/IMG_7123.HEIC,/Users/NikhilKalidasu/Documents/Adversarial Plate/preprocessed_images/IMG_7123_processed.png,202.03174603174602,188.44444444444443,233.9047619047619,183.87301587301585,235.17460317460316,201.39682539682536,203.42857142857142,206.85714285714283,0.07313272652637096,0.0044821252482288845,202.03174603174602,0.008111667022631809,0.047038494222004096,188.44444444444443,8.555205649394026e-05,4.866876610363583e-06,1.0,600,400,384,VRJ7774,0.9522475004196167,201,182,236,206
/Users/NikhilKalidasu/Documents/Adversarial Plate/mycar/IMG_7124.HEIC,/Users/NikhilKalidasu/Documents/Adversarial Plate/preprocessed_images/IMG_7124_processed.png,208.63492063492063,164.3174603174603,224.63492063492063,155.93650793650792,226.4126984126984,173.2063492063492,210.9206349206349,183.74603174603172,0.07740374179035889,0.014802619932731454,208.63492063492063,0.021252282070125937,0.05648883953716667,164.3174603174603,0.00022586459389433369,4.30888813788442e-05,1.0,600,400,384,88T7TT,0.6412752866744995,207,155,227,181
/Users/NikhilKalidasu/Documents/Adversarial Plate/mycar/IMG_7126.HEIC,/Users/NikhilKalidasu/Documents/Adversarial Plate/preprocessed_images/IMG_7126_processed.png,263.6190476190476,196.8253968253968,264.88888888888886,218.66666666666663,251.3015873015873,239.4920634920635,249.3968253968254,216.76190476190476,0.018253466400414992,-0.08081808494152916,263.6190476190476,0.04972331711979146,0.010501586714051441,196.8253968253968,6.092012523327008e-05,-0.00018148799333734324,1.0,600,400,384,JJ77,0.5414144396781921,248,201,266,232
/Users/NikhilKalidasu/Documents/Adversarial Plate/mycar/IMG_7127.HEIC,/Users/NikhilKalidasu/Documents/Adversarial Plate/preprocessed_images/IMG_7127_processed.png,233.77777777777777,216.5079365079365,284.44444444444446,203.55555555555554,285.3333333333333,230.85714285714283,235.68253968253967,244.4444444444444,0.10015673513020647,0.016467669121712082,233.77777777777777,-0.010343193565303124,0.08198221617350535,216.5079365079365,5.523852194213219e-05,4.966750772278161e-05,1.0,600,400,384,VRJ7774,0.9990348815917969,232,203,287,244
/Users/NikhilKalidasu/Documents/Adversarial Plate/mycar/IMG_7128.HEIC,/Users/NikhilKalidasu/Documents/Adversarial Plate/preprocessed_images/IMG_7128_processed.png,171.04761904761904,221.84126984126982,243.55555555555554,221.58730158730157,242.9206349206349,254.984126984127,172.95238095238093,254.47619047619048,0.11136310859493295,0.020364647967057357,171.04761904761904,-0.009051343081826133,0.10454464180986092,221.84126984126982,-3.893753205504153e-05,9.02140989284704e-05,1.0,600,400,384,VRJ7774,0.9999954700469971,171,220,243,255
/Users/NikhilKalidasu/Documents/Adversarial Plate/mycar/IMG_7129.HEIC,/Users/NikhilKalidasu/Documents/Adversarial Plate/preprocessed_images/IMG_7129_processed.png,168.38095238095238,211.3015873015873,215.4920634920635,233.39682539682536,211.42857142857142,266.4126984126984,165.84126984126982,241.52380952380952,0.04156189932281166,0.0037066229669530477,168.38095238095238,-0.0032018666287629872,0.09020041570818586,211.3015873015873,-0.00017149874847742575,6.063526482753082e-05,1.0,600,400,384,VRJ7774,0.9997572302818298,164,213,215,262
/Users/NikhilKalidasu/Documents/Adversarial Plate/mycar/IMG_7131.HEIC,/Users/NikhilKalidasu/Documents/Adversarial Plate/preprocessed_images/IMG_7131_processed.png,124.57142857142857,172.69841269841268,146.53968253968253,184.25396825396825,144.38095238095238,207.23809523809524,123.42857142857142,193.52380952380952,0.008346819964119106,0.008424339926185293,124.57142857142857,-0.016282616892061383,0.06975174284722879,172.69841269841268,-0.00019289612315068924,9.140090217974196e-05,1.0,600,400,384,KPJ3734,0.7349640727043152,123,174,146,206
/Users/NikhilKalidasu/Documents/Adversarial Plate/mycar/IMG_7132.HEIC,/Users/NikhilKalidasu/Documents/Adversarial Plate/preprocessed_images/IMG_7132_processed.png,159.4920634920635,165.84126984126982,195.55555555555554,167.2380952380952,194.79365079365078,185.77777777777777,159.4920634920635,183.6190476190476,0.04592816247768324,0.008231342672237242,159.4920634920635,-0.009796616825370818,0.05392097430436089,165.84126984126982,-7.249938559842713e-05,5.1609732120914234e-05,1.0,600,400,384,VRJ7774,0.9933186769485474,159,164,196,185
/Users/NikhilKalidasu/Documents/Adversarial Plate/mycar/IMG_7133.HEIC,/Users/NikhilKalidasu/Documents/Adversarial Plate/preprocessed_images/IMG_7133_processed.png,192.25396825396825,177.65079365079364,224.38095238095238,169.77777777777777,225.77777777777777,187.93650793650792,194.9206349206349,196.44444444444446,0.07340999520788734,0.025548470266387187,192.25396825396825,0.0019091693363237064,0.06601354077485509,177.65079365079364,8.853256683386875e-05,9.686918784872907e-05,1.0,600,400,384,VRJ7774,0.9583104252815247,192,169,226,197
/Users/NikhilKalidasu/Documents/Adversarial Plate/mycar/IMG_7134.HEIC,/Users/NikhilKalidasu/Documents/Adversarial Plate/preprocessed_images/IMG_7134_processed.png,182.2222222222222,165.84126984126982,195.42857142857142,155.55555555555554,197.7142857142857,170.4126984126984,184.76190476190476,181.96825396825395,0.050857367409091546,0.008187023704265084,182.2222222222222,0.0058183593049493405,0.04212748936886867,165.84126984126982,0.00014760782002161312,9.94694960212202e-06,1.0,600,400,384,W45774,0.4428304433822632,181,156,199,179
/Users/NikhilKalidasu/Documents/Adversarial Plate/mycar/IMG_7139.HEIC,/Users/NikhilKalidasu/Documents/Adversarial Plate/preprocessed_images/IMG_7139_processed.png,188.95238095238093,204.44444444444446,219.42857142857142,211.9365079365079,215.2380952380952,232.0,185.14285714285714,222.984126984127,0.022695719922591673,-0.008616451783156147,188.95238095238093,-0.014651796161258578,0.047442018552627,204.44444444444446,-0.00012805046620925381,4.900851994269773e-06,1.0,600,400,384,VRJ7774,0.9759635925292969,185,206,217,230
/Users/NikhilKalidasu/Documents/Adversarial Plate/mycar/IMG_7142.HEIC,/Users/NikhilKalidasu/Documents/Adversarial Plate/preprocessed_images/IMG_7142_processed.png,166.85714285714286,183.49206349206347,196.95238095238093,182.60317460317458,197.2063492063492,197.71428571428572,167.11111111111111,198.984126984127,0.058428176051391154,0.000546104184980279,166.85714285714286,0.006185483827123624,0.03862440236461425,183.49206349206347,4.198703185345286e-05,-5.314814158664919e-07,1.0,600,400,384,VWJ7774,0.9408373236656189,166,182,197,198
/Users/NikhilKalidasu/Documents/Adversarial Plate/mycar/IMG_7143.HEIC,/Users/NikhilKalidasu/Documents/Adversarial Plate/preprocessed_images/IMG_7143_processed.png,216.25396825396825,173.84126984126982,248.12698412698413,169.26984126984127,249.14285714285714,187.3015873015873,217.65079365079364,192.6349206349206,0.07189592768800689,0.009277392024916776,216.25396825396825,0.0051885545697426885,0.052104514022830846,173.84126984126982,7.566381638163816e-05,2.658078307830783e-05,1.0,600,400,384,WBJ7774,0.8881765007972717,215,169,250,192
/Users/NikhilKalidasu/Documents/Adversarial Plate/mycar/IMG_7144.HEIC,/Users/NikhilKalidasu/Documents/Adversarial Plate/preprocessed_images/IMG_7144_processed.png,188.69841269841268,162.53968253968253,212.06349206349205,159.61904761904762,212.57142857142856,174.34920634920633,189.58730158730157,177.65079365079364,0.04934396549562427,0.009769773565034228,188.69841269841268,0.0029619298377592204,0.044850131648235904,162.53968253968253,4.90521327014218e-05,3.981042654028436e-05,1.0,600,400,384,PJ77774,0.7616123557090759,188,159,213,176
/Users/NikhilKalidasu/Documents/Adversarial Plate/mycar/IMG_7145.HEIC,/Users/NikhilKalidasu/Documents/Adversarial Plate/preprocessed_images/IMG_7145_processed.png,154.9206349206349,185.52380952380952,173.84126984126982,186.28571428571428,173.7142857142857,196.3174603174603,154.28571428571428,195.4285714285714,0.0285397717876633,-0.011697391596515129,154.9206349206349,-0.0019391486267623197,0.011955790750234273,185.52380952380952,-1.7226172757841355e-05,-6.552836117082851e-05,1.0,600,400,384,CUU717,0.6766083836555481,153,183,174,196
/Users/NikhilKalidasu/Documents/Adversarial Plate/mycar/IMG_7149.HEIC,/Users/NikhilKalidasu/Documents/Adversarial Plate/preprocessed_images/IMG_7149_processed.png,133.58730158730157,142.7301587301587,174.2222222222222,151.36507936507934,169.26984126984127,182.2222222222222,129.52380952380952,170.66666666666666,0.03914303898627082,-0.006888419924295714,133.58730158730157,-0.01044049174287341,0.07415038450311287,142.7301587301587,-0.00016405386393327303,2.5248718721736507e-05,1.0,600,400,384,VRJ7774,0.9999802112579346,130,144,173,180
/Users/NikhilKalidasu/Documents/Adversarial Plate/mycar/IMG_7150.HEIC,/Users/NikhilKalidasu/Documents/Adversarial Plate/preprocessed_images/IMG_7150_processed.png,186.03174603174602,140.44444444444443,255.1111111111111,141.46031746031744,253.7142857142857,176.76190476190476,185.3968253968254,174.7301587301587,0.10263852052552466,0.00330329184342808,186.03174603174602,-0.005234724315798179,0.09032350253667201,140.44444444444443,-4.897377676862117e-05,2.6379057032189128e-05,1.0,600,400,384,VRJ7774,0.9999499917030334,185,139,255,176
/Users/NikhilKalidasu/Documents/Adversarial Plate/mycar/IMG_7158.HEIC,/Users/NikhilKalidasu/Documents/Adversarial Plate/preprocessed_images/IMG_7158_processed.png,144.25396825396825,136.38095238095238,170.4126984126984,137.65079365079364,169.3968253968254,154.9206349206349,143.74603174603175,152.88888888888889,0.030467050072847168,0.005188313779618127,144.25396825396825,-0.008490023771183191,0.048138762364849326,136.38095238095238,-7.705314009661836e-05,4.4927536231884056e-05,1.0,600,400,384,WLJ7774,0.88264399766922,143,136,171,154
/Users/NikhilKalidasu/Documents/Adversarial Plate/mycar/IMG_7159.HEIC,/Users/NikhilKalidasu/Documents/Adversarial Plate/preprocessed_images/IMG_7159_processed.png,166.85714285714286,146.66666666666666,200.88888888888889,145.65079365079364,201.015873015873,162.66666666666666,167.36507936507937,163.68253968253967,0.0569458156844834,0.006005521903939608,166.85714285714286,-0.0015290912931545848,0.04717116382750708,146.66666666666666,1.1261895376991947e-06,2.829551213469227e-05,1.0,600,400,384,WRJ7774,0.98093181848526,167,145,200,162
/Users/NikhilKalidasu/Documents/Adversarial Plate/mycar/IMG_7160.HEIC,/Users/NikhilKalidasu/Documents/Adversarial Plate/preprocessed_images/IMG_7160_processed.png,179.68253968253967,164.8253968253968,227.55555555555554,158.09523809523807,230.47619047619045,184.12698412698413,183.61904761904762,192.76190476190476,0.10964908893958616,0.017540717660392828,179.68253968253967,0.009528943667709873,0.07792409265553588,164.8253968253968,0.0001312239074028503,4.193164009377146e-05,1.0,600,400,384,VRJ7774,0.99997478723526,179,158,230,191
/Users/NikhilKalidasu/Documents/Adversarial Plate/mycar/IMG_7161.HEIC,/Users/NikhilKalidasu/Documents/Adversarial Plate/preprocessed_images/IMG_7161_processed.png,163.04761904761904,180.3174603174603,186.28571428571428,177.77777777777777,188.44444444444443,192.25396825396825,165.7142857142857,195.4285714285714,0.053560162547729155,0.014045093050421648,163.04761904761904,0.009919891980282744,0.04647923234068882,180.3174603174603,7.960891619861425e-05,4.452498679852144e-05,1.0,600,400,384,BE37774,0.6828248500823975,164,178,188,193
/Users/NikhilKalidasu/Documents/Adversarial Plate/mycar/IMG_7162.HEIC,/Users/NikhilKalidasu/Documents/Adversarial Plate/preprocessed_images/IMG_7162_processed.png,253.33333333333331,193.1428571428571,295.1111111111111,177.9047619047619,295.4920634920635,204.6984126984127,254.98412698412696,221.20634920634922,0.10225071435488133,0.0237124648625557,253.33333333333331,-0.005731532926912476,0.08714971992036645,193.1428571428571,0.00011053831420454265,7.681058804413654e-05,1.0,600,400,384,VRJ7774,0.9997178316116333,252,176,297,221
/Users/NikhilKalidasu/Documents/Adversarial Plate/mycar/IMG_7163.HEIC,/Users/NikhilKalidasu/Documents/Adversarial Plate/preprocessed_images/IMG_7163_processed.png,76.19047619047619,218.15873015873012,194.4126984126984,192.25396825396825,193.015873015873,232.6349206349206,85.84126984126983,259.8095238095238,0.22999234663974286,0.04653287267590488,76.19047619047619,-0.01058522450804756,0.1719412562735697,218.15873015873012,0.00016951212483429687,0.0002610153436727084,1.0,600,400,384,VRJ7774,0.9998708367347717,76,188,196,261
/Users/NikhilKalidasu/Documents/Adversarial Plate/mycar/IMG_7164.HEIC,/Users/NikhilKalidasu/Documents/Adversarial Plate/preprocessed_images/IMG_7164_processed.png,130.03174603174602,83.17460317460316,174.47619047619045,97.26984126984127,172.19047619047618,125.46031746031744,129.77777777777777,110.2222222222222,0.055302129798119735,0.013778596514875804,130.03174603174602,0.013026772869515438,0.07986066492435417,83.17460317460316,-0.00010759029197462913,0.00011106306022959585,1.0,600,400,384,VRJ7774,0.9984658360481262,126,81,175,126
/Users/NikhilKalidasu/Documents/Adversarial Plate/mycar/IMG_7165.HEIC,/Users/NikhilKalidasu/Documents/Adversarial Plate/preprocessed_images/IMG_7165_processed.png,55.36507936507936,93.58730158730157,69.33333333333333,108.82539682539681,69.07936507936508,133.33333333333331,55.74603174603174,117.07936507936506,0.014946413133635978,0.007397362206582029,55.36507936507936,0.012315787492435806,0.07226608746905028,93.58730158730157,-0.00012020206942481685,0.00011561327420690998,1.0,600,400,384,LAL077,0.3545757532119751,53,96,70,130
/Users/NikhilKalidasu/Documents/Adversarial Plate/mycar/IMG_7166.HEIC,/Users/NikhilKalidasu/Documents/Adversarial Plate/preprocessed_images/IMG_7166_processed.png,88.76190476190476,116.95238095238093,128.5079365079365,137.3968253968254,130.03174603174602,168.5079365079365,91.30158730158729,147.04761904761904,0.05507139621999931,0.012804633103132353,88.76190476190476,0.022129317942350117,0.08563501343148372,116.95238095238093,-8.693618718791698e-05,7.07044307192869e-05,1.0,600,400,384,VBJ7774,0.9390415549278259,86,116,130,165
/Users/NikhilKalidasu/Documents/Adversarial Plate/mycar/IMG_7167.HEIC,/Users/NikhilKalidasu/Documents/Adversarial Plate/preprocessed_images/IMG_7167_processed.png,266.1587301587301,210.92063492063488,285.3333333333333,203.55555555555554,286.85714285714283,220.44444444444446,268.06349206349205,229.07936507936506,0.07102282100916248,0.013882601626016261,266.1587301587301,0.015593774680603948,0.05319111111111111,210.92063492063488,0.00013691056910569106,3.4024390243902444e-05,1.0,600,400,384,WB7777,0.7588789463043213,264,203,287,229
/Users/NikhilKalidasu/Documents/Adversarial Plate/mycar/IMG_7168.HEIC,/Users/NikhilKalidasu/Documents/Adversarial Plate/preprocessed_images/IMG_7168_processed.png,163.55555555555554,191.36507936507934,189.7142857142857,188.95238095238093,190.34920634920633,202.92063492063488,164.57142857142856,205.71428571428572,0.05310896075601958,0.008315083609201255,163.55555555555554,0.005451716039951333,0.04309226720991427,191.36507936507934,5.013368983957219e-05,3.5093582887700534e-05,1.0,600,400,384,QPJ7774,0.7891709804534912,163,188,191,205
/Users/NikhilKalidasu/Documents/Adversarial Plate/mycar/IMG_7169.HEIC,/Users/NikhilKalidasu/Documents/Adversarial Plate/preprocessed_images/IMG_7169_processed.png,131.68253968253967,179.55555555555554,157.33333333333331,179.17460317460316,157.46031746031744,192.38095238095235,131.93650793650792,192.5079365079365,0.03772137244703617,0.002307399687930661,131.68253968253967,-0.006363136841012947,0.03482125867966576,179.55555555555554,-3.19700231204656e-05,1.2676393207366658e-05,1.0,600,400,384,ABJ777A,0.7143047451972961,131,178,157,192
/Users/NikhilKalidasu/Documents/Adversarial Plate/mycar/IMG_7170.HEIC,/Users/NikhilKalidasu/Documents/Adversarial Plate/preprocessed_images/IMG_7170_processed.png,112.0,198.73015873015873,124.95238095238095,219.17460317460313,122.53968253968253,245.96825396825398,109.96825396825396,222.984126984127,-1.023055281522905e-05,-0.0022203170427438764,112.0,-0.0038094020172283888,0.06643225129578302,198.73015873015873,-0.00017284610325550806,2.5998849062808286e-05,1.0,600,400,384,L05000,0.30883073806762695,108,201,126,236
/Users/NikhilKalidasu/Documents/Adversarial Plate/mycar/IMG_7171.HEIC,/Users/NikhilKalidasu/Documents/Adversarial Plate/preprocessed_images/IMG_7171_processed.png,106.92063492063491,198.09523809523807,120.12698412698413,218.28571428571428,117.46031746031746,244.06349206349205,105.01587301587301,222.22222222222223,0.002369297133187204,0.0057928472163135646,106.92063492063491,-0.0020398709414279903,0.08265218336689448,198.09523809523807,-0.00016350435349839757,0.00010050625372245383,1.0,600,400,384,N03933,0.32556211948394775,104,202,121,238
/Users/NikhilKalidasu/Documents/Adversarial Plate/mycar/IMG_7172.HEIC,/Users/NikhilKalidasu/Documents/Adversarial Plate/preprocessed_images/IMG_7172_processed.png,112.25396825396825,192.38095238095235,125.07936507936508,211.68253968253964,122.79365079365078,236.69841269841265,109.84126984126983,215.6190476190476,0.009977879646019322,-0.01137343329441068,112.25396825396825,0.012879868368994095,0.0476094751218224,192.38095238095235,-9.112439707708748e-05,-4.863096785373885e-05,1.0,600,400,384,41500000,0.33151498436927795,108,194,126,228
/Users/NikhilKalidasu/Documents/Adversarial Plate/mycar/IMG_7173.HEIC,/Users/NikhilKalidasu/Documents/Adversarial Plate/preprocessed_images/IMG_7173_processed.png,170.79365079365078,141.2063492063492,207.87301587301587,143.4920634920635,207.36507936507937,163.17460317460316,170.9206349206349,160.76190476190476,0.0588289496509689,0.007710685869165257,170.79365079365078,0.0017593765112896191,0.055842695388486546,141.2063492063492,-1.4287530950083406e-05,4.3255312941810105e-05,1.0,600,400,384,NRJ7774,0.9656822681427002,169,140,208,163
/Users/NikhilKalidasu/Documents/Adversarial Plate/mycar/IMG_7174.HEIC,/Users/NikhilKalidasu/Documents/Adversarial Plate/preprocessed_images/IMG_7174_processed.png,194.03174603174602,172.95238095238093,218.03174603174602,168.38095238095238,219.3015873015873,183.49206349206347,195.42857142857142,188.8253968253968,0.05865399722542579,0.004756792971078685,194.03174603174602,0.0067870096441525,0.04090453626167912,172.95238095238093,8.555633555633556e-05,6.471568971568972e-06,1.0,600,400,384,RJT7774,0.7649848461151123,193,167,220,190
/Users/NikhilKalidasu/Documents/Adversarial Plate/mycar/IMG_7175.HEIC,/Users/NikhilKalidasu/Documents/Adversarial Plate/preprocessed_images/IMG_7175_processed.png,171.93650793650792,155.42857142857142,193.3968253968254,154.28571428571428,194.03174603174602,165.96825396825395,172.3174603174603,167.6190476190476,0.04919327995101876,-0.004610821222836161,171.93650793650792,0.008806132568872329,0.025064674727268893,155.42857142857142,6.942246418096263e-05,-3.2284611002089e-05,1.0,600,400,384,WJ7771,0.7309196591377258,171,152,194,167
/Users/NikhilKalidasu/Documents/Adversarial Plate/mycar/IMG_7176.HEIC,/Users/NikhilKalidasu/Documents/Adversarial Plate/preprocessed_images/IMG_7176_processed.png,153.3968253968254,206.34920634920633,229.46031746031744,205.46031746031747,227.93650793650792,239.1111111111111,154.4126984126984,240.25396825396825,0.13010977575574806,0.015943929775153236,153.3968253968254,0.0015067496059102228,0.10561785523025226,206.34920634920633,1.4544078994567166e-05,8.680793337116098e-05,1.0,600,400,384,VRJ7774,0.9999874830245972,153,204,229,241
/Users/NikhilKalidasu/Documents/Adversarial Plate/mycar/IMG_7177.HEIC,/Users/NikhilKalidasu/Documents/Adversarial Plate/preprocessed_images/IMG_7177_processed.png,244.3174603174603,258.2857142857143,332.19047619047615,189.46031746031744,327.4920634920635,232.38095238095235,248.88888888888889,298.66666666666663,0.22145566001159234,0.08984689328266218,244.3174603174603,-0.07193340401083097,0.19505436717728986,258.2857142857143,0.00022577598977750632,0.00031507361459232893,1.0,600,400,384,VRJ1774,0.9215545654296875,234,191,342,298
/Users/NikhilKalidasu/Documents/Adversarial Plate/mycar/IMG_7179.HEIC,/Users/NikhilKalidasu/Documents/Adversarial Plate/preprocessed_images/IMG_7179_processed.png,120.88888888888889,161.015873015873,161.65079365079364,166.2222222222222,161.015873015873,188.3174603174603,121.39682539682539,182.2222222222222,0.05501108502869066,0.009791084469781653,120.88888888888889,-0.004613700722855652,0.06580665125009315,161.015873015873,-7.995892018779343e-05,7.019329518779344e-05,1.0,600,400,384,VRJ7774,0.999823272228241,119,159,162,189
/Users/NikhilKalidasu/Documents/Adversarial Plate/mycar/IMG_7180.HEIC,/Users/NikhilKalidasu/Documents/Adversarial Plate/preprocessed_images/IMG_7180_processed.png,143.87301587301587,181.96825396825395,195.93650793650792,180.44444444444443,196.57142857142856,205.20634920634922,145.26984126984127,206.73015873015873,0.08707071585610399,0.008881640936435455,143.87301587301587,-0.0022650334613804933,0.06957454519098354,181.96825396825395,1.5220700152207001e-06,3.7100456621004565e-05,1.0,600,400,384,VRJ7774,0.9999918341636658,144,179,197,206
/Users/NikhilKalidasu/Documents/Adversarial Plate/mycar/IMG_7181.HEIC,/Users/NikhilKalidasu/Documents/Adversarial Plate/preprocessed_images/IMG_7181_processed.png,199.36507936507937,176.88888888888889,240.63492063492063,163.3015873015873,243.3015873015873,187.3015873015873,202.53968253968253,203.17460317460313,0.10856319622395397,0.010960491252462052,199.36507936507937,0.0043504044199212805,0.0687477486017632,176.88888888888889,0.00016531319451027482,1.493032514930325e-05,1.0,600,400,384,VRJ7774,0.9999635219573975,198,163,245,201
/Users/NikhilKalidasu/Documents/Adversarial Plate/mycar/IMG_7183.HEIC,/Users/NikhilKalidasu/Documents/Adversarial Plate/preprocessed_images/IMG_7183_processed.png,302.73015873015873,275.68253968253964,305.015873015873,296.88888888888886,292.3174603174603,318.984126984127,289.39682539682536,296.38095238095235,0.01866252744153854,-0.09870712312690112,302.73015873015873,0.04980116867099712,-0.015205449332593636,275.68253968253964,4.869583830229643e-05,-0.00022589670672415376,1.0,600,400,384,H333,0.33908307552337646,202,107,210,112
/Users/NikhilKalidasu/Documents/Adversarial Plate/mycar/IMG_7184.HEIC,/Users/NikhilKalidasu/Documents/Adversarial Plate/preprocessed_images/IMG_7184_processed.png,236.8253968253968,343.36507936507934,291.55555555555554,342.2222222222222,288.6349206349206,370.66666666666663,234.53968253968253,372.19047619047615,0.09805016879301152,0.0016129224913434775,236.8253968253968,0.006115959030576259,0.08369102170653436,343.36507936507934,2.3437171564299828e-05,3.124080380039517e-05,1.0,600,400,384,VRJ7774,0.9999921321868896,234,340,292,373
/Users/NikhilKalidasu/Documents/Adversarial Plate/mycar/IMG_7185.HEIC,/Users/NikhilKalidasu/Documents/Adversarial Plate/preprocessed_images/IMG_7185_processed.png,173.33333333333331,288.25396825396825,219.04761904761904,310.984126984127,213.07936507936506,340.19047619047615,168.76190476190476,316.69841269841265,0.059246591534569945,-0.0007677283468886913,173.33333333333331,0.01382819294312578,0.09111723800781296,288.25396825396825,-7.735251690739804e-05,6.317090990839094e-05,1.0,600,400,384,VRJ7774,0.9968821406364441,166,285,220,337
/Users/NikhilKalidasu/Documents/Adversarial Plate/mycar/IMG_7188.HEIC,/Users/NikhilKalidasu/Documents/Adversarial Plate/preprocessed_images/IMG_7188_processed.png,218.4126984126984,267.3015873015873,244.8253968253968,273.26984126984127,244.69841269841268,291.3015873015873,218.15873015873015,284.3174603174603,0.021830182806875365,-0.003386392864750245,218.4126984126984,-0.0148220965535061,0.03895379993049249,267.3015873015873,-9.064002959674437e-05,-1.2612249016244576e-05,1.0,600,400,384,AAJ1774,0.7120229005813599,216,266,245,290
/Users/NikhilKalidasu/Documents/Adversarial Plate/mycar/IMG_7189.HEIC,/Users/NikhilKalidasu/Documents/Adversarial Plate/preprocessed_images/IMG_7189_processed.png,129.77777777777777,211.55555555555554,169.52380952380952,220.3174603174603,166.984126984127,241.39682539682536,128.5079365079365,232.38095238095235,0.05905397013637858,0.00688876244002119,129.77777777777777,0.005259626329273259,0.07026108008203216,211.55555555555554,-4.240947703571936e-05,7.830929270273407e-05,1.0,600,400,384,VRJ7774,0.9999915361404419,127,211,169,240
/Users/NikhilKalidasu/Documents/Adversarial Plate/mycar/IMG_7190.HEIC,/Users/NikhilKalidasu/Documents/Adversarial Plate/preprocessed_images/IMG_7190_processed.png,115.93650793650794,201.1428571428571,146.79365079365078,203.8095238095238,145.9047619047619,219.9365079365079,115.04761904761904,217.015873015873,0.047595715483021266,-0.002352022578958302,115.93650793650794,-0.0008771245803029695,0.03943769552176489,201.1428571428571,-2.6110502224227967e-05,-1.1282315775900973e-06,1.0,600,400,384,NPJ7774,0.9410974979400635,114,199,147,221
/Users/NikhilKalidasu/Documents/Adversarial Plate/mycar/IMG_7191.HEIC,/Users/NikhilKalidasu/Documents/Adversarial Plate/preprocessed_images/IMG_7191_processed.png,150.73015873015873,198.85714285714283,182.60317460317458,194.41269841269838,183.4920634920635,210.53968253968253,152.25396825396825,216.0,0.07418409102079013,0.010796418494481456,150.73015873015873,0.015017162261241772,0.0527693262258776,198.85714285714283,0.0001153451901636919,4.58897378182164e-05,1.0,600,400,384,VWJ7774,0.9797787070274353,150,194,184,215
/Users/NikhilKalidasu/Documents/Adversarial Plate/mycar/IMG_7192.HEIC,/Users/NikhilKalidasu/Documents/Adversarial Plate/preprocessed_images/IMG_7192_processed.png,235.93650793650792,233.90476190476187,266.53968253968253,221.96825396825398,267.3015873015873,243.17460317460313,237.58730158730157,256.5079365079365,0.08802469135802468,0.020626102292768962,235.93650793650792,0.0109347442680776,0.07432098765432099,233.90476190476187,0.0001388888888888889,6.944444444444444e-05,1.0,600,400,384,WRJ1774,0.9415211081504822,235,222,269,256
/Users/NikhilKalidasu/Documents/Adversarial Plate/mycar/IMG_7193.HEIC,/Users/NikhilKalidasu/Documents/Adversarial Plate/preprocessed_images/IMG_7193_processed.png,191.11111111111111,174.09523809523807,209.52380952380952,166.47619047619045,211.42857142857142,181.33333333333331,193.14285714285714,189.33333333333331,0.04040272659392538,0.007033263482428886,191.11111111111111,-0.004979486314842916,0.0400105980682612,174.09523809523807,4.636654864272467e-05,1.0116337885685383e-05,1.0,600,400,384,HTTT4,0.7113047242164612,189,166,212,188
/Users/NikhilKalidasu/Documents/Adversarial Plate/mycar/IMG_7195.HEIC,/Users/NikhilKalidasu/Documents/Adversarial Plate/preprocessed_images/IMG_7195_processed.png,227.3015873015873,307.3015873015873,249.65079365079364,298.53968253968253,248.25396825396825,317.71428571428567,225.9047619047619,327.23809523809524,0.0543115251701326,-0.0020445746289402844,227.3015873015873,0.00580107537817918,0.051938053877396036,307.3015873015873,6.834686031610423e-05,6.407518154634772e-06,1.0,600,400,384,VJJ7TT,0.6634800434112549,225,299,250,326
/Users/NikhilKalidasu/Documents/Adversarial Plate/mycar/IMG_7196.HEIC,/Users/NikhilKalidasu/Documents/Adversarial Plate/preprocessed_images/IMG_7196_processed.png,230.34920634920633,331.8095238095238,274.2857142857143,331.17460317460313,271.74603174603175,354.66666666666663,228.8253968253968,356.69841269841265,0.10148939119844118,0.01182313872878091,230.34920634920633,0.033065399751141596,0.08659078441428546,331.8095238095238,0.0001030380967690082,6.831699083748594e-05,1.0,600,400,384,VRJ7774,0.9999834895133972,229,329,274,356
/Users/NikhilKalidasu/Documents/Adversarial Plate/mycar/IMG_7197.HEIC,/Users/NikhilKalidasu/Documents/Adversarial Plate/preprocessed_images/IMG_7197_processed.png,128.63492063492063,325.71428571428567,172.8253968253968,339.55555555555554,168.12698412698413,364.19047619047615,123.93650793650792,350.2222222222222,0.0722504593466567,-0.011906185513516963,128.63492063492063,0.020317501710030557,0.06081727560311562,325.71428571428567,-8.102595624598362e-06,-1.2922243021988767e-06,1.0,600,400,384,VRJ7774,0.9996492862701416,122,323,173,366
/Users/NikhilKalidasu/Documents/Adversarial Plate/mycar/IMG_7198.HEIC,/Users/NikhilKalidasu/Documents/Adversarial Plate/preprocessed_images/IMG_7198_processed.png,109.33333333333333,315.4285714285714,147.42857142857142,335.74603174603175,140.57142857142856,360.0,103.23809523809523,338.1587301587301,0.046370686656741475,-0.013274044191803426,109.33333333333333,-0.005128884270719792,0.06325869071995413,315.4285714285714,-0.00011613337000702913,1.902447969194096e-05,1.0,600,400,384,VRJ7774,0.9752526879310608,103,313,148,361
/Users/NikhilKalidasu/Documents/Adversarial Plate/mycar/IMG_7200.HEIC,/Users/NikhilKalidasu/Documents/Adversarial Plate/preprocessed_images/IMG_7200_processed.png,175.4920634920635,192.5079365079365,216.38095238095238,189.2063492063492,216.63492063492063,209.52380952380952,176.12698412698413,213.20634920634922,0.07551639851299327,0.005671815192344371,175.4920634920635,0.0009402494760042991,0.05669044295213616,192.5079365079365,3.40522133938706e-05,2.319073153548084e-05,1.0,600,400,384,VRJ7774,0.9994847774505615,174,188,218,213
/Users/NikhilKalidasu/Documents/Adversarial Plate/mycar/IMG_7201.HEIC,/Users/NikhilKalidasu/Documents/Adversarial Plate/preprocessed_images/IMG_7201_processed.png,253.07936507936506,196.1904761904762,279.23809523809524,186.79365079365078,280.76190476190476,205.84126984126982,254.85714285714283,216.38095238095235,0.07308656711619112,0.008316182277443195,253.07936507936506,0.004064796896800947,0.053763405856075815,196.1904761904762,0.00010560408490526226,1.5191796429927839e-05,1.0,600,400,384,W8J7774,0.8137902617454529,252,186,284,218
/Users/NikhilKalidasu/Documents/Adversarial Plate/mycar/IMG_7203.HEIC,/Users/NikhilKalidasu/Documents/Adversarial Plate/preprocessed_images/IMG_7203_processed.png,165.58730158730157,305.77777777777777,211.8095238095238,299.3015873015873,210.66666666666666,323.9365079365079,164.8253968253968,331.68253968253964,0.09630722781705008,0.0020803667800861434,165.58730158730157,0.016436468911679387,0.07278128544358665,305.77777777777777,9.097886834088892e-05,2.417788011801108e-05,1.0,600,400,384,VRJ7774,0.9998834133148193,163,299,213,331
/Users/NikhilKalidasu/Documents/Adversarial Plate/mycar/IMG_7204.HEIC,/Users/NikhilKalidasu/Documents/Adversarial Plate/preprocessed_images/IMG_7204_processed.png,148.8253968253968,293.9682539682539,186.53968253968253,306.4126984126984,182.34920634920633,329.015873015873,144.76190476190476,315.4285714285714,0.047533098781964815,-0.010924781968023576,148.8253968253968,-0.004430748948438699,0.05198160707685957,293.9682539682539,-8.214897691764944e-05,-5.291805261566375e-06,1.0,600,400,384,VRJ7774,0.9980181455612183,143,293,187,329
/Users/NikhilKalidasu/Documents/Adversarial Plate/mycar/IMG_7205.HEIC,/Users/NikhilKalidasu/Documents/Adversarial Plate/preprocessed_images/IMG_7205_processed.png,137.77777777777777,126.7301587301587,170.03174603174602,129.77777777777777,170.03174603174602,147.8095238095238,138.03174603174602,144.12698412698413,0.0433189022435613,0.003373645754598135,137.77777777777777,-0.0028872825429945934,0.0463517258755354,126.7301587301587,-6.138683955585364e-05,1.984126984126984e-05,1.0,600,400,384,WRJ7774,0.8986688256263733,136,124,171,149
/Users/NikhilKalidasu/Documents/Adversarial Plate/mycar/IMG_7206.HEIC,/Users/NikhilKalidasu/Documents/Adversarial Plate/preprocessed_images/IMG_7206_processed.png,189.7142857142857,134.34920634920633,214.34920634920633,131.04761904761904,216.0,144.63492063492063,190.984126984127,148.19047619047618,0.04622292101096373,-0.00455186840860487,189.7142857142857,-0.002345067901193443,0.028607966931895486,134.34920634920633,2.4094887220382723e-05,-4.0456092897449045e-05,1.0,600,400,384,VRJ777A,0.7669427394866943,188,129,217,148
