filename,p1_x,p1_y,p2_x,p2_y,p3_x,p3_y,p4_x,p4_y,H00,H01,H02,H10,H11,H12,H20,H21,H22,out_w,out_h
../full test/organized/dark no flash/control/y_05/x_+00_y_05.heic,1941,3019,2656,2994,2643,3283,1943,3310,1.2312317713878256,0.10989558007219644,1941.0,0.002933455146266302,0.9061949923000361,3019.0,1.4896500271520698e-05,5.3986402507563786e-05,1.0,600,400
../full test/organized/dark no flash/control/y_05/x_+05_y_05.heic,2006,2632,2388,2830,2350,3078,1973,2866,0.38826939236384644,-0.04811160784622656,2006.0,0.03562634578015861,0.6349529305183551,2632.0,-0.00010401895908828318,1.7429494249251615e-05,1.0,600,400
../full test/organized/dark no flash/control/y_05/x_+10_y_05.heic,2085,2627,2263,2731,2237,2898,2060,2792,0.24297746144721236,-0.04417259786476868,2085.0,0.10854092526690391,0.4373398576512455,2627.0,-2.372479240806643e-05,8.89679715302491e-06,1.0,600,400
../full test/organized/dark no flash/control/y_05/x_+15_y_05.heic,2038,2745,2135,2805,2114,2932,2018,2868,0.043896769109535064,-0.033973478132387706,2038.0,-0.05472813238770686,0.3302770390070922,2745.0,-5.516154452324665e-05,7.941784869976358e-06,1.0,600,400
../full test/organized/dark no flash/control/y_05/x_+20_y_05.heic,2078,2810,2138,2845,2117,2945,2053,2902,-0.06589529417134513,-0.4616866356291935,2078.0,-0.16242069469167925,-0.3342667396960153,2810.0,-7.75936829613401e-05,-0.00019444064083253457,1.0,600,400
../full test/organized/dark no flash/control/y_05/x_-05_y_05.heic,2016,2871,2264,2683,2299,2888,2057,3095,0.8009204702019758,0.153603904669774,2016.0,0.14598481517310113,0.6368918740656055,2871.0,0.00017119573183243923,2.4843901152053473e-05,1.0,600,400
../full test/organized/dark no flash/control/y_05/x_-10_y_05.heic,2119,2815,2227,2726,2252,2867,2144,2967,0.4287285649819495,-0.020645306859205778,2119.0,0.15612740673886882,0.2649383743231047,2815.0,0.00011168772563176895,-3.8780460288808666e-05,1.0,600,400
../full test/organized/dark no flash/control/y_05/x_-15_y_05.heic,2178,2742,2196,2845,2163,2917,2142,2792,-0.026487493347525256,-0.9848749334752529,2178.0,0.09848500975696295,-1.0414289515699842,2742.0,-2.5722902252971427e-05,-0.0004177754124534327,1.0,600,400
../full test/organized/dark no flash/control/y_05/x_-20_y_05.heic,2199,2792,2217,2870,2192,2924,2174,2835,-0.19884266499843606,-0.5300086018142008,2199.0,-0.16624648107600878,-0.50215358148264,2792.0,-0.00010322177040975916,-0.00021504535502033154,1.0,600,400
../full test/organized/dark no flash/control/y_10/x_+00_y_10.heic,1954,2758,2323,2752,2325,2931,1954,2939,0.6573158449378999,-0.02662205494919082,1954.0,0.04013052314640572,0.4124579224689499,2758.0,1.821603312006022e-05,-1.3624388407978925e-05,1.0,600,400
../full test/organized/dark no flash/control/y_10/x_+05_y_10.heic,1955,2716,2268,2755,2255,2916,1943,2874,0.44886269644334165,-0.018329296151876798,1955.0,-0.02343692150143763,0.4122627909724684,2716.0,-3.2100515971483713e-05,6.006538264602781e-06,1.0,600,400
../full test/organized/dark no flash/control/y_10/x_+10_y_10.heic,2034,2692,2254,2740,2238,2874,2023,2826,0.33618455158113014,0.08706234363378186,2034.0,0.042945432415984856,0.49503617553587126,2692.0,-1.352356481168436e-05,5.662992764892826e-05,1.0,600,400
../full test/organized/dark no flash/control/y_10/x_+15_y_10.heic,1976,2755,2121,2793,2107,2899,1967,2862,0.23130887268307504,0.1516841385597083,1976.0,0.049693862048009727,0.520939249902331,2755.0,-4.883448365672613e-06,8.855319703086339e-05,1.0,600,400
../full test/organized/dark no flash/control/y_10/x_+20_y_10.heic,2081,2763,2178,2788,2167,2874,2071,2845,-0.013165986394557806,0.0003591836734693849,2081.0,-0.18213197278911564,0.23983673469387756,2763.0,-8.027210884353741e-05,1.2244897959183673e-05,1.0,600,400
../full test/organized/dark no flash/control/y_10/x_-05_y_10.heic,2049,2823,2314,2767,2332,2922,2068,2984,0.5926818282741777,0.053280521457798075,2049.0,0.0872452976813525,0.410840945855933,2823.0,6.526152187014306e-05,2.7952231420687035e-06,1.0,600,400
../full test/organized/dark no flash/control/y_10/x_-10_y_10.heic,2072,2888,2240,2838,2254,2965,2091,3022,0.5276270214118486,0.17807200334899295,2072.0,0.23040125897328556,0.5237080794455555,2888.0,0.00011054777741600383,6.244476487278477e-05,1.0,600,400
../full test/organized/dark no flash/control/y_10/x_-15_y_10.heic,2060,2802,2163,2763,2174,2849,2078,2902,0.8711321039333259,0.308305803823962,2060.0,0.8284919108496438,0.6177158049553118,2802.0,0.0003233774559716409,0.0001267111664215409,1.0,600,400
../full test/organized/dark no flash/control/y_10/x_-20_y_10.heic,2092,2845,2160,2813,2167,2895,2106,2935,0.6367714249652909,0.551332828474063,2092.0,0.6283478480373597,0.9445806512684591,2845.0,0.00024233244982961,0.0002451722832260508,1.0,600,400
../full test/organized/dark no flash/control/y_15/x_+00_y_15.heic,2071,2761,2309,2760,2310,2876,2073,2880,0.4967378891475123,0.026298461594413732,2071.0,0.11795073222771797,0.32708975851032873,2761.0,4.333963728057414e-05,1.027422170497527e-05,1.0,600,400
../full test/organized/dark no flash/control/y_15/x_+05_y_15.heic,2012,2909,2235,2918,2235,3031,2011,3022,0.3729911372734935,-0.024944196428571427,2012.0,0.0167292193426043,0.24877232142857142,2909.0,5.926042983565107e-07,-1.1160714285714286e-05,1.0,600,400
../full test/organized/dark no flash/control/y_15/x_+10_y_15.heic,1961,2841,2142,2860,2133,2963,1952,2941,0.19877881570334202,-0.029493259381136883,1961.0,-0.10570926879323461,0.23946353696725226,2841.0,-4.803354386709835e-05,-3.5826123878775015e-06,1.0,600,400
../full test/organized/dark no flash/control/y_15/x_+15_y_15.heic,2033,2849,2177,2868,2168,2957,2023,2935,0.12563674985372306,-0.06977371594291384,2033.0,-0.11899654023251673,0.15004159352819965,2849.0,-5.253249891882266e-05,-2.2132336106235214e-05,1.0,600,400
../full test/organized/dark no flash/control/y_15/x_+20_y_15.heic,2049,2867,2171,2881,2160,2960,2042,2938,-0.1871016311166876,0.10420012547051444,2049.0,-0.4947887913007111,0.35260037641154335,2867.0,-0.00017984107068172314,5.959849435382686e-05,1.0,600,400
../full test/organized/dark no flash/control/y_15/x_-05_y_15.heic,1926,2857,2126,2837,2136,2948,1931,2971,0.41041258791965773,-0.11036654339786817,1926.0,0.06952360234935828,0.09595986512943226,2857.0,3.6255528968167646e-05,-6.362845333913421e-05,1.0,600,400
../full test/organized/dark no flash/control/y_15/x_-10_y_15.heic,2019,2850,2172,2827,2181,2924,2029,2948,0.29758823529411765,0.054838235294117646,2019.0,0.017098039215686277,0.2883529411764706,2850.0,1.9607843137254903e-05,1.4705882352941177e-05,1.0,600,400
../full test/organized/dark no flash/control/y_15/x_-15_y_15.heic,2056,2899,2171,2877,2181,2960,2067,2992,0.6251860560212635,0.018519474545082803,2056.0,0.5378313909902542,0.21950061337149868,2899.0,0.00019968649901179036,-4.344714782253118e-06,1.0,600,400
../full test/organized/dark no flash/control/y_15/x_-20_y_15.heic,2049,2806,2131,2785,2138,2852,2060,2877,0.4075955070048756,0.25634650990557306,2049.0,0.3190764056039005,0.4971074800962785,2806.0,0.00012713694994754058,0.00011109053878911313,1.0,600,400
../full test/organized/dark no flash/control/y_20/x_+00_y_20.heic,2064,2733,2241,2732,2243,2822,2064,2822,0.2535,-0.05701303538175047,2064.0,-0.052259259259259255,0.14454903786468032,2733.0,-1.8518518518518518e-05,-2.762259466170081e-05,1.0,600,400
../full test/organized/dark no flash/control/y_20/x_+05_y_20.heic,2005,2825,2183,2832,2179,2922,2002,2914,0.254498287599716,0.01946591905776219,2005.0,-0.043038257528296375,0.2617500939731863,2825.0,-1.9316710520820283e-05,1.3469490038842252e-05,1.0,600,400
../full test/organized/dark no flash/control/y_20/x_+10_y_20.heic,2035,2802,2196,2810,2185,2895,2028,2888,0.30350990910445536,0.11508605274921772,2035.0,0.05834525406049768,0.4038109074653554,2802.0,1.601847712710475e-05,6.537773804202057e-05,1.0,600,400
../full test/organized/dark no flash/control/y_20/x_+15_y_20.heic,1971,2771,2105,2783,2098,2857,1967,2843,0.11441448801742919,0.09445669934640524,1971.0,-0.12400054466230936,0.3309763071895425,2771.0,-5.174291938997821e-05,5.31045751633987e-05,1.0,600,400
../full test/organized/dark no flash/control/y_20/x_+20_y_20.heic,2038,2795,2149,2806,2146,2877,2035,2863,0.03446421809920483,-0.01327906096175691,2038.0,-0.1782247885901805,0.16186955698599015,2795.0,-7.004922377887165e-05,-2.8398333964407425e-06,1.0,600,400
../full test/organized/dark no flash/control/y_20/x_-05_y_20.heic,2085,2837,2246,2826,2250,2914,2090,2923,0.18586119769528667,0.04803414565032587,2085.0,-0.12210281477283462,0.2646967979597619,2837.0,-3.671956172664589e-05,1.700198356474922e-05,1.0,600,400
../full test/organized/dark no flash/control/y_20/x_-10_y_20.heic,2170,2839,2306,2827,2313,2906,2178,2921,0.37654596100278553,0.04932311977715877,2170.0,0.1637418755803157,0.24432636954503248,2839.0,6.499535747446611e-05,1.3463324048282266e-05,1.0,600,400
../full test/organized/dark no flash/control/y_20/x_-15_y_20.heic,2113,2779,2224,2766,2232,2838,2120,2854,0.32979166666666665,-0.044609375,2113.0,0.15841145833333334,0.10388671875,2779.0,6.510416666666667e-05,-2.9296875e-05,1.0,600,400
../full test/organized/dark no flash/control/y_20/x_-20_y_20.heic,2035,2856,2121,2845,2128,2906,2042,2920,0.313997629740519,-0.002560815868263475,2035.0,0.21058695109780437,0.13131362275449102,2856.0,8.046407185628742e-05,-9.824101796407186e-06,1.0,600,400
../full test/organized/dark no flash/control/y_25/x_+00_y_25.heic,2159,2664,2301,2661,2300,2735,2160,2735,0.0811936936936937,0.07807915057915059,2159.0,-0.1847972972972973,0.2731986003861004,2664.0,-6.756756756756757e-05,3.499034749034749e-05,1.0,600,400
../full test/organized/dark no flash/control/y_25/x_+05_y_25.heic,2031,2781,2171,2785,2171,2856,2035,2856,0.4371830985915493,0.15963235294117645,2031.0,0.26816901408450705,0.3975,2781.0,9.389671361502347e-05,7.352941176470588e-05,1.0,600,400
../full test/organized/dark no flash/control/y_25/x_+10_y_25.heic,2053,2813,2188,2820,2192,2881,2053,2881,0.6434699453551912,-0.16464677438377165,2053.0,0.5510109289617486,-0.06105083146597475,2813.0,0.0001912568306010929,-8.019813657270904e-05,1.0,600,400
../full test/organized/dark no flash/control/y_25/x_+15_y_25.heic,2046,2860,2171,2867,2167,2931,2038,2920,0.0025678714859437807,-0.1869686746987952,2046.0,-0.2600650602409639,-0.08922891566265059,2860.0,-9.477911646586345e-05,-8.192771084337349e-05,1.0,600,400
../full test/organized/dark no flash/control/y_25/x_+20_y_25.heic,2038,2799,2135,2806,2131,2863,2038,2860,0.40277338603425555,0.23398833051006965,2038.0,0.32854978354978354,0.48086438923395447,2799.0,0.0001129305477131564,0.00011481272350837569,1.0,600,400
../full test/organized/dark no flash/control/y_25/x_-05_y_25.heic,2129,2745,2260,2739,2264,2809,2133,2814,0.16464091403699674,0.01232100108813928,2129.0,-0.07507236126224157,0.17556202393906417,2745.0,-2.3757707653246283e-05,1.088139281828074e-06,1.0,600,400
../full test/organized/dark no flash/control/y_25/x_-10_y_25.heic,2084,2760,2201,2752,2207,2817,2090,2825,0.195,0.015,2084.0,-0.013333333333333334,0.1625,2760.0,0.0,0.0,1.0,600,400
../full test/organized/dark no flash/control/y_25/x_-15_y_25.heic,2103,2820,2206,2806,2210,2870,2110,2885,0.25419246646026833,0.1710139318885449,2103.0,0.08163828689370484,0.37239938080495355,2820.0,3.740970072239422e-05,7.275541795665635e-05,1.0,600,400
../full test/organized/dark no flash/control/y_25/x_-20_y_25.heic,1974,2817,2056,2810,2063,2867,1978,2870,-0.10910124674612962,-0.13532161939991777,1974.0,-0.3475654199205371,-0.07835593916974923,2817.0,-0.00011953692286614605,-7.3468968351829e-05,1.0,600,400
../full test/organized/dark no flash/control/y_30/x_+00_y_30.heic,2056,2674,2174,2674,2171,2727,2056,2731,0.47781303085100557,0.14449120499753412,2056.0,0.34580744150364406,0.3344287358211409,2674.0,0.00012932215463861034,7.027782344238041e-05,1.0,600,400
../full test/organized/dark no flash/control/y_30/x_+05_y_30.heic,2181,2777,2299,2777,2292,2838,2178,2835,0.0021992831541218874,0.1665838709677419,2181.0,-0.23490035842293902,0.37159677419354836,2777.0,-8.458781362007167e-05,7.992831541218637e-05,1.0,600,400
../full test/organized/dark no flash/control/y_30/x_+10_y_30.heic,2135,2874,2260,2881,2256,2945,2135,2945,0.6203125,0.19574509297520662,2135.0,0.5368489583333333,0.4475090392561984,2874.0,0.00018229166666666667,9.168388429752066e-05,1.0,600,400
../full test/organized/dark no flash/control/y_30/x_+15_y_30.heic,2067,2892,2174,2902,2171,2949,2067,2952,1.1890643574502973,0.1906435745029719,2067.0,1.3658577577372413,0.42226890756302526,2892.0,0.0004649176743868279,9.223201475712236e-05,1.0,600,400
../full test/organized/dark no flash/control/y_30/x_+20_y_30.heic,2071,2817,2163,2827,2156,2874,2063,2870,0.6138948245813443,-0.025862127756308254,2071.0,0.6186118057134198,0.12434473744032734,2817.0,0.00021292718041979238,-2.841554898840647e-06,1.0,600,400
../full test/organized/dark no flash/control/y_30/x_-05_y_30.heic,2121,2795,2238,2792,2242,2845,2128,2852,0.4881153212520593,0.14283113673805603,2121.0,0.36067380560131795,0.3104719934102142,2795.0,0.00013097199341021416,5.889621087314663e-05,1.0,600,400
../full test/organized/dark no flash/control/y_30/x_-10_y_30.heic,2146,2838,2242,2831,2246,2881,2138,2892,0.3659147685525349,-0.6247979426891991,2146.0,0.24834435464119517,-0.6830896399706099,2838.0,9.184423218221895e-05,-0.0002828802351212344,1.0,600,400
../full test/organized/dark no flash/control/y_30/x_-15_y_30.heic,2088,2838,2192,2827,2192,2885,2099,2892,-0.026468916079594593,0.6481720430107526,2088.0,-0.27601625262637497,0.9901612903225806,2838.0,-9.115066122852551e-05,0.0002956989247311828,1.0,600,400
../full test/organized/dark no flash/control/y_30/x_-20_y_30.heic,2121,2877,2213,2870,2213,2927,2128,2935,0.260671826625387,0.4556176470588235,2121.0,0.1275386996904025,0.7492647058823529,2877.0,4.850361197110424e-05,0.00020588235294117648,1.0,600,400
../full test/organized/dark no flash/control/y_35/x_+00_y_35.heic,2042,2774,2153,2774,2153,2824,2046,2827,0.4083485981308411,0.20121495327102804,2042.0,0.2877700934579439,0.3967056074766355,2774.0,0.00010373831775700935,9.345794392523364e-05,1.0,600,400
../full test/organized/dark no flash/control/y_35/x_+05_y_35.heic,2056,2720,2160,2727,2156,2767,2056,2763,0.42791500664010623,0.22013944223107568,2056.0,0.33307602921646745,0.4033391434262948,2720.0,0.00011786188579017264,0.00010707171314741035,1.0,600,400
../full test/organized/dark no flash/control/y_35/x_+10_y_35.heic,2060,2749,2167,2756,2163,2795,2060,2795,0.8265811965811966,0.23589743589743592,2060.0,0.8361111111111111,0.43506472491909387,2749.0,0.00029914529914529915,0.00011451331839681355,1.0,600,400
../full test/organized/dark no flash/control/y_35/x_+15_y_35.heic,2042,2838,2142,2838,2138,2885,2046,2885,0.16666666666666666,0.4547826086956522,2042.0,0.0,0.7446739130434783,2838.0,0.0,0.0002173913043478261,1.0,600,400
../full test/organized/dark no flash/control/y_35/x_+20_y_35.heic,2053,2877,2142,2877,2142,2931,2053,2931,0.14833333333333334,0.0,2053.0,0.0,0.135,2877.0,0.0,0.0,1.0,600,400
../full test/organized/dark no flash/control/y_35/x_-05_y_35.heic,2103,2613,2206,2613,2203,2670,2106,2667,-0.03347778981581798,0.3240845070422535,2103.0,-0.2429929577464789,0.5359168472372697,2613.0,-9.29938605994944e-05,0.00015032502708559048,1.0,600,400
../full test/organized/dark no flash/control/y_35/x_-10_y_35.heic,2088,2727,2188,2727,2188,2781,2088,2785,0.43679012345679014,0.0,2088.0,0.33666666666666667,0.145,2727.0,0.0001234567901234568,0.0,1.0,600,400
../full test/organized/dark no flash/control/y_35/x_-15_y_35.heic,2231,2752,2317,2749,2317,2802,2231,2806,0.2161949685534591,0.0,2231.0,0.08144654088050314,0.135,2752.0,3.144654088050314e-05,0.0,1.0,600,400
../full test/organized/dark no flash/control/y_35/x_-20_y_35.heic,2210,2842,2281,2842,2285,2881,2210,2888,0.758166835986003,-0.344260074500508,2210.0,0.7971972005869739,-0.3348747036911615,2842.0,0.0002805057004176544,-0.0001557737893667457,1.0,600,400
../full test/organized/dark no flash/control/y_40/x_+00_y_40.heic,2049,2770,2142,2774,2142,2817,2053,2817,0.48709302325581394,0.24067415730337077,2049.0,0.4367441860465116,0.43401685393258427,2770.0,0.0001550387596899225,0.00011235955056179776,1.0,600,400
../full test/organized/dark no flash/control/y_40/x_+05_y_40.heic,2113,2742,2199,2745,2196,2795,2110,2795,0.36323333333333335,0.003540697674418605,2113.0,0.2795,0.147125,2742.0,0.0001,5.232558139534884e-06,1.0,600,400
../full test/organized/dark no flash/control/y_40/x_+10_y_40.heic,2017,2935,2110,2942,2106,2985,2021,2981,0.3686248070462181,0.49997275946608555,2017.0,0.3095264687187869,0.8377158812312722,2935.0,0.00010124398438209388,0.00024244075183873603,1.0,600,400
../full test/organized/dark no flash/control/y_40/x_+15_y_40.heic,2138,2824,2224,2824,2221,2870,2138,2870,0.14333333333333334,0.19319277108433736,2138.0,0.0,0.37433734939759034,2824.0,0.0,9.036144578313253e-05,1.0,600,400
../full test/organized/dark no flash/control/y_40/x_+20_y_40.heic,2035,2720,2110,2727,2110,2767,2035,2763,0.38875,0.0,2035.0,0.3525416666666667,0.1075,2720.0,0.000125,0.0,1.0,600,400
../full test/organized/dark no flash/control/y_40/x_-05_y_40.heic,2028,2838,2117,2838,2117,2892,2024,2892,0.14833333333333334,-0.22763440860215053,2028.0,0.0,-0.17596774193548387,2838.0,0.0,-0.00010752688172043011,1.0,600,400
../full test/organized/dark no flash/control/y_40/x_-10_y_40.heic,2031,2745,2124,2742,2124,2788,2035,2795,0.4870371275036639,0.23865168539325843,2031.0,0.42364680019540785,0.4390449438202247,2745.0,0.00015632633121641425,0.00011235955056179776,1.0,600,400
../full test/organized/dark no flash/control/y_40/x_-15_y_40.heic,2196,2631,2285,2628,2285,2678,2203,2681,0.16783943089430894,0.48765243902439026,2196.0,0.017434146341463414,0.6971646341463414,2631.0,8.536585365853658e-06,0.00021341463414634146,1.0,600,400
../full test/organized/dark no flash/control/y_40/x_-20_y_40.heic,2149,2738,2231,2727,2228,2777,2156,2788,0.25133352023175404,0.7730368657134847,2149.0,0.1218264648163723,1.1020114942528736,2738.0,5.139706569479488e-05,0.0003504345388281469,1.0,600,400
../full test/organized/dark no flash/control/y_45/x_+00_y_45.heic,2092,2613,2174,2613,2174,2656,2099,2660,0.5051793281653747,0.5072666666666666,2092.0,0.44292713178294574,0.7381666666666666,2613.0,0.00016950904392764858,0.00023333333333333333,1.0,600,400
../full test/organized/dark no flash/control/y_45/x_+05_y_45.heic,2124,2824,2206,2820,2203,2860,2121,2860,-0.23099999999999998,-0.02689939024390244,2124.0,-0.4766666666666667,0.06384146341463415,2824.0,-0.00016666666666666666,-9.146341463414634e-06,1.0,600,400
../full test/organized/dark no flash/control/y_45/x_+10_y_45.heic,2092,2856,2171,2856,2171,2899,2088,2899,0.13166666666666665,-0.26156626506024094,2092.0,0.0,-0.24177710843373493,2856.0,0.0,-0.00012048192771084337,1.0,600,400
../full test/organized/dark no flash/control/y_45/x_+15_y_45.heic,2110,2827,2199,2831,2196,2877,2106,2874,0.23048445408532178,-0.06456616052060739,2110.0,0.11242829597493374,0.0430350686912509,2827.0,3.735839961436491e-05,-2.5909857797059535e-05,1.0,600,400
../full test/organized/dark no flash/control/y_45/x_+20_y_45.heic,1974,2781,2056,2785,2049,2835,1967,2831,0.13666666666666666,-0.0175,1974.0,0.006666666666666667,0.125,2781.0,0.0,0.0,1.0,600,400
../full test/organized/dark no flash/control/y_45/x_-05_y_45.heic,2096,2835,2181,2835,2178,2881,2096,2881,0.14166666666666666,0.19170731707317074,2096.0,0.0,0.37850609756097564,2835.0,0.0,9.146341463414634e-05,1.0,600,400
../full test/organized/dark no flash/control/y_45/x_-10_y_45.heic,2121,2838,2203,2838,2199,2881,2128,2885,0.5332115025792997,0.8740953243332236,2121.0,0.5108462298320711,1.278814619690484,2838.0,0.00018000219514872134,0.00040253539677313137,1.0,600,400
../full test/organized/dark no flash/control/y_45/x_-15_y_45.heic,2031,2842,2099,2842,2099,2885,2028,2888,0.3470902937001856,-0.22172535211267608,2031.0,0.3165018015067147,-0.19007042253521128,2842.0,0.00011136586963642319,-0.00010563380281690141,1.0,600,400
../full test/organized/dark no flash/control/y_45/x_-20_y_45.heic,2063,2688,2124,2688,2128,2727,2067,2724,-0.17202154626109,0.0361977186311787,2063.0,-0.346362484157161,0.12452471482889732,2688.0,-0.00012885509083227715,1.2674271229404309e-05,1.0,600,400
../full test/organized/dark no flash/control/y_50/x_+00_y_50.heic,2046,2727,2117,2731,2117,2781,2046,2774,-0.09336666666666667,0.0,2046.0,-0.26643333333333336,0.1175,2727.0,-0.0001,0.0,1.0,600,400
../full test/organized/dark no flash/control/y_50/x_+05_y_50.heic,2142,2802,2217,2802,2217,2838,2149,2842,0.5778186274509803,0.5705514705882354,2142.0,0.5723039215686274,0.8313970588235294,2802.0,0.0002042483660130719,0.0002573529411764706,1.0,600,400
../full test/organized/dark no flash/control/y_50/x_+10_y_50.heic,2131,2749,2203,2745,2199,2788,2135,2788,-0.22155038759689924,0.646155523255814,2131.0,-0.4322480620155039,0.9282267441860467,2749.0,-0.0001550387596899225,0.0002979651162790698,1.0,600,400
../full test/organized/dark no flash/control/y_50/x_+15_y_50.heic,2099,2810,2174,2806,2171,2856,2103,2856,-0.16486666666666666,0.5326573529411764,2099.0,-0.3808,0.8248000000000001,2810.0,-0.00013333333333333334,0.0002485294117647059,1.0,600,400
../full test/organized/dark no flash/control/y_50/x_+20_y_50.heic,2142,2820,2213,2817,2206,2856,2146,2860,0.2842445213379469,1.0217387543252594,2142.0,0.20619377162629757,1.448356401384083,2820.0,7.497116493656286e-05,0.0004714532871972318,1.0,600,400
../full test/organized/dark no flash/control/y_50/x_-05_y_50.heic,2028,2817,2103,2813,2096,2852,2031,2856,0.18092341443956922,0.7973783406461906,2028.0,0.06813721579577184,1.208229956122856,2817.0,2.6592208482914504e-05,0.00038891104906262465,1.0,600,400
../full test/organized/dark no flash/control/y_50/x_-10_y_50.heic,2231,2802,2321,2802,2321,2849,2235,2852,0.4083993072736269,0.2698837209302326,2231.0,0.3119495299356754,0.45662790697674416,2802.0,0.00011133102424542305,0.00011627906976744187,1.0,600,400
../full test/organized/dark no flash/control/y_50/x_-15_y_50.heic,2128,2731,2206,2727,2210,2777,2146,2788,0.8122914097821619,1.1563686806411837,2128.0,0.8367642827784628,1.5863471023427866,2731.0,0.00030928894369091655,0.0005178791615289766,1.0,600,400
../full test/organized/dark no flash/control/y_50/x_-20_y_50.heic,2206,2788,2274,2781,2278,2827,2213,2838,0.4793419028784882,0.2399670402109427,2206.0,0.4359453966161283,0.4102966381015162,2788.0,0.00016095363656339266,0.00010052735662491762,1.0,600,400
../full test/organized/dusk/control/y_05/x_+00_y_05.heic,2658,2678,3333,2681,3322,2951,2665,2941,0.9754374929577464,0.19703091549295773,2658.0,-0.11530515492957746,0.8556239859154928,2678.0,-4.487323943661972e-05,6.736619718309859e-05,1.0,600,400
../full test/organized/dusk/control/y_05/x_+05_y_05.heic,1913,2716,2255,2902,2222,3146,1882,2940,0.2680202321798614,-0.08651602085607968,1913.0,-0.07862318679114956,0.5459154615744557,2716.0,-0.00013391563983154706,-4.7906593284164094e-06,1.0,600,400
../full test/organized/dusk/control/y_05/x_+10_y_05.heic,1952,2756,2097,2866,2069,3025,1927,2903,-0.03665333025570005,-0.036368296529968445,1952.0,-0.19705060142084072,0.40686706547664847,2756.0,-0.0001327229360621682,1.35608217280911e-05,1.0,600,400
../full test/organized/dusk/control/y_05/x_+15_y_05.heic,1778,2835,1864,2899,1842,3031,1753,2960,0.047635862759829714,-0.24359504132231405,1778.0,-0.04216754320060104,0.006714876033057864,2835.0,-5.1339844728274476e-05,-0.00010330578512396694,1.0,600,400
../full test/organized/dusk/control/y_05/x_+20_y_05.heic,2031,2788,2071,2824,2049,2927,2010,2881,-0.2325830184927421,-0.1694069397494532,2031.0,-0.34805461655730097,0.0649333863591171,2788.0,-0.000144495260820574,-5.816265659176775e-05,1.0,600,400
../full test/organized/dusk/control/y_05/x_-05_y_05.heic,2231,3008,2539,2829,2568,3044,2265,3235,0.7881845254937468,0.14324001895761415,2231.0,0.007910866202629537,0.6506816606304113,3008.0,0.00010825174957085998,2.5713032652368286e-05,1.0,600,400
../full test/organized/dusk/control/y_05/x_-10_y_05.heic,2317,2755,2451,2661,2475,2816,2342,2920,0.476800946158395,0.04096588204750986,2317.0,0.11851787748979566,0.38565131322746743,2755.0,0.0001034139587209554,-9.194755744017995e-06,1.0,600,400
../full test/organized/dusk/control/y_05/x_-15_y_05.heic,2456,2724,2470,2845,2410,2924,2395,2788,-0.015873015873015997,-0.7797619047619047,2456.0,0.15650793650793635,-0.570190476190476,2724.0,-1.5873015873015923e-05,-0.00026190476190476186,1.0,600,400
../full test/organized/dusk/control/y_05/x_-20_y_05.heic,2470,2610,2485,2706,2442,2760,2428,2656,-0.14611706197398622,-0.4417061973986228,2470.0,-0.026335118592195852,-0.25332440703902065,2610.0,-6.885998469778117e-05,-0.00013867635807192043,1.0,600,400
../full test/organized/dusk/control/y_10/x_+00_y_10.heic,1991,2906,2350,2912,2346,3083,1988,3077,0.5979496097449463,0.0063772411090428135,1991.0,0.009524509323666764,0.44897900950328207,2906.0,-1.6328663335619346e-07,6.9805035759772705e-06,1.0,600,400
../full test/organized/dusk/control/y_10/x_+05_y_10.heic,2072,2684,2368,2732,2352,2890,2060,2838,0.3777096462839948,0.03228070175438597,2072.0,-0.05339692272753083,0.47080224833929485,2684.0,-4.8827570544484194e-05,3.023335036620678e-05,1.0,600,400
../full test/organized/dusk/control/y_10/x_+10_y_10.heic,1934,2762,2131,2806,2117,2935,1921,2889,0.26833526175048855,-0.013792328756556617,1934.0,-0.005669289313997743,0.3456345456649182,2762.0,-2.8154890465905587e-05,9.738506633755015e-06,1.0,600,400
../full test/organized/dusk/control/y_10/x_+15_y_10.heic,1824,2613,1952,2649,1937,2752,1811,2710,0.012510288065843625,0.006094209288653733,1824.0,-0.21253086419753087,0.3002527924750147,2613.0,-0.00010288065843621399,2.1310993533215755e-05,1.0,600,400
../full test/organized/dusk/control/y_10/x_+20_y_10.heic,1842,2581,1931,2610,1921,2688,1828,2660,0.23590412352889123,-0.2181882134324396,1842.0,0.16669675249977875,-0.06906490576055216,2581.0,4.534996902928944e-05,-0.00010021237058667374,1.0,600,400
../full test/organized/dusk/control/y_10/x_-10_y_10.heic,2132,2666,2315,2622,2332,2749,2148,2799,0.47291986676576653,-0.01077752085225866,2132.0,0.1168549563685413,0.26633320257659593,2666.0,7.253557959644341e-05,-2.3639441737550586e-05,1.0,600,400
../full test/organized/dusk/control/y_10/x_-15_y_10.heic,2499,2499,2606,2467,2620,2560,2506,2599,0.3828767491926803,-0.4034261750986724,2499.0,0.14030005382131322,-0.18654713850017943,2499.0,7.848941514172945e-05,-0.00016796734840330104,1.0,600,400
../full test/organized/dusk/control/y_10/x_-20_y_10.heic,2349,2353,2428,2328,2442,2410,2356,2438,0.16537076840408382,-0.4699046211714133,2349.0,-0.009350707504925669,-0.29186861902203115,2353.0,1.3881425756761597e-05,-0.00020687802256851156,1.0,600,400
../full test/organized/dusk/control/y_10/x_-5_y_10.heic,2136,2654,2417,2611,2429,2762,2148,2813,0.6787204655809308,0.01802313965104663,2136.0,0.15560714479319132,0.38181521966405685,2654.0,8.704473820752891e-05,-5.575819529307902e-06,1.0,600,400
../full test/organized/dusk/control/y_15/x_+00_y_15.heic,2171,2823,2408,2832,2408,2944,2173,2941,0.6090851063829787,0.051234042553191486,2171.0,0.2667811550151976,0.35757446808510635,2823.0,8.890577507598785e-05,2.1276595744680852e-05,1.0,600,400
../full test/organized/dusk/control/y_15/x_+05_y_15.heic,1961,2748,2176,2760,2175,2871,1955,2857,0.3034153229106982,-0.12641595727265287,1961.0,-0.049657035278709995,0.10967882868134567,2748.0,-2.523805626040217e-05,-5.6990259474502744e-05,1.0,600,400
../full test/organized/dusk/control/y_15/x_+10_y_15.heic,2035,2576,2204,2601,2194,2702,2026,2673,0.13246011511569517,-0.004597288214161546,2035.0,-0.13441601962374936,0.2661199154015529,2576.0,-6.769807239154788e-05,8.836481631707035e-06,1.0,600,400
../full test/organized/dusk/control/y_15/x_+15_y_15.heic,1975,2621,2110,2641,2102,2725,1968,2706,0.26045026881720434,0.02217741935483871,1975.0,0.07770497311827958,0.2670564516129032,2621.0,1.6801075268817204e-05,2.0161290322580645e-05,1.0,600,400
../full test/organized/dusk/control/y_15/x_+20_y_15.heic,1803,2595,1906,2620,1899,2695,1792,2670,0.21040650406504066,-0.19140243902439025,1803.0,0.09491869918699188,-0.05670731707317071,2595.0,2.032520325203252e-05,-9.146341463414634e-05,1.0,600,400
../full test/organized/dusk/control/y_15/x_-05_y_15.heic,2147,2811,2351,2794,2360,2905,2150,2925,0.42507237122179653,-0.15107279693486586,2147.0,0.07276926351638995,0.0692672413793104,2811.0,3.6185610898254577e-05,-7.375478927203064e-05,1.0,600,400
../full test/organized/dusk/control/y_15/x_-10_y_15.heic,2125,2807,2287,2785,2298,2883,2134,2906,0.2975514037774375,-0.04514747320061254,2125.0,-0.003115875446656453,0.15538024502297093,2807.0,1.2046962736089843e-05,-3.169984686064318e-05,1.0,600,400
../full test/organized/dusk/control/y_15/x_-15_y_15.heic,2093,2534,2220,2517,2231,2601,2103,2622,0.37707684603478103,-0.03627287626331603,2093.0,0.15920604570700173,0.14360557224801968,2534.0,7.450908980545692e-05,-2.913593735773468e-05,1.0,600,400
../full test/organized/dusk/control/y_15/x_-20_y_15.heic,2092,2710,2181,2692,2188,2763,2096,2788,0.45671487500621233,-0.19469360369762934,2092.0,0.35063416331196257,-0.07727374384970923,2710.0,0.00014139456289448833,-9.765916206947964e-05,1.0,600,400
../full test/organized/dusk/control/y_20/x_+00_y_20.heic,2088,2990,2266,2993,2265,3080,2087,3078,0.3400710227272727,-0.0021631262913223135,2088.0,0.06232976067493112,0.2204968362603306,2990.0,1.915461432506887e-05,1.6141528925619833e-07,1.0,600,400
../full test/organized/dusk/control/y_20/x_+05_y_20.heic,2110,2743,2284,2754,2278,2838,2107,2831,0.4651922809940302,0.09341836734693879,2110.0,0.22957656532000556,0.3555955851728447,2743.0,7.670415104817436e-05,4.789670970428988e-05,1.0,600,400
../full test/organized/dusk/control/y_20/x_+10_y_20.heic,2098,2740,2245,2750,2241,2831,2093,2817,0.06543479464186869,-0.054641522749916974,2098.0,-0.20329071183438505,0.13578109432082366,2740.0,-7.998450127310972e-05,-2.0134506808369313e-05,1.0,600,400
../full test/organized/dusk/control/y_20/x_+15_y_20.heic,1981,2759,2109,2772,2101,2848,1975,2833,0.11110251650165016,0.054255363036303635,1981.0,-0.11270214521452145,0.28434199669967,2759.0,-4.847359735973597e-05,3.506600660066007e-05,1.0,600,400
../full test/organized/dusk/control/y_20/x_+20_y_20.heic,1956,2856,2060,2863,2056,2931,1946,2920,0.0026705653021442386,-0.2991573631047315,1956.0,-0.2255214424951267,-0.25137692716640087,2856.0,-8.284600389863548e-05,-0.00014088250930356194,1.0,600,400
../full test/organized/dusk/control/y_20/x_-05_y_20.heic,2117,2802,2284,2793,2289,2880,2122,2888,0.23469867526940766,0.014320646578351295,2117.0,-0.06835884412107901,0.21747786395771843,2802.0,-1.9104491271421054e-05,8.579861349440594e-07,1.0,600,400
../full test/organized/dusk/control/y_20/x_-10_y_20.heic,2246,2677,2391,2666,2397,2747,2252,2759,0.29056444105949053,0.012141406448337142,2246.0,0.03618840089137119,0.20149784209190152,2677.0,2.045076302502045e-05,-1.2693577050012696e-06,1.0,600,400
../full test/organized/dusk/control/y_20/x_-15_y_20.heic,2203,2795,2317,2788,2331,2856,2210,2874,0.7387391902515724,-0.3929658018867924,2203.0,0.648620283018868,-0.3362912735849056,2795.0,0.00023683176100628933,-0.0001857311320754717,1.0,600,400
../full test/organized/dusk/control/y_20/x_-20_y_20.heic,2135,2702,2224,2688,2238,2756,2146,2770,0.1242043810704691,-0.14213112213267207,2135.0,-0.05249638355032031,-0.04895536267823931,2702.0,-1.0849349039057657e-05,-7.904525728456293e-05,1.0,600,400
../full test/organized/dusk/control/y_25/x_+00_y_25.heic,2160,2754,2302,2757,2300,2827,2161,2826,0.3450804904781477,0.12129726674886969,2160.0,0.13484227291409784,0.3353545006165228,2754.0,4.709549253322373e-05,5.497328401150842e-05,1.0,600,400
../full test/organized/dusk/control/y_25/x_+05_y_25.heic,2114,2798,2252,2802,2249,2869,2112,2863,0.1157308542640716,0.03002011525497444,2114.0,-0.13551013011489255,0.2099728172230075,2798.0,-5.0741183719328766e-05,1.6581493965423506e-05,1.0,600,400
../full test/organized/dusk/control/y_25/x_+10_y_25.heic,2087,2769,2210,2781,2206,2848,2082,2835,0.1560944976076555,-0.056705143540669856,2087.0,-0.04154126794258373,0.10480711722488038,2769.0,-2.2129186602870814e-05,-2.123205741626794e-05,1.0,600,400
../full test/organized/dusk/control/y_25/x_+15_y_25.heic,2081,2688,2196,2702,2196,2767,2078,2752,0.156832246849196,-0.13957627118644067,2081.0,-0.019527596697088225,-0.014915254237288136,2688.0,-1.5862668405041288e-05,-6.35593220338983e-05,1.0,600,400
../full test/organized/dusk/control/y_25/x_+20_y_25.heic,2003,2849,2099,2860,2088,2920,1999,2906,-0.0724156655745662,0.34202630141973067,2003.0,-0.29834546778303606,0.6542500910083728,2849.0,-0.0001107268535371921,0.0001761012013105206,1.0,600,400
../full test/organized/dusk/control/y_25/x_-05_y_25.heic,2008,2871,2144,2868,2145,2934,2010,2938,0.28238725600179493,0.041641799416647966,2008.0,0.0695366838680727,0.22105900830154812,2871.0,2.598908084660833e-05,1.8229750953556203e-05,1.0,600,400
../full test/organized/dusk/control/y_25/x_-10_y_25.heic,2081,2842,2206,2831,2210,2910,2081,2906,-0.4850841932841933,-0.1308933660933661,2081.0,-0.9082086814086813,-0.02278525798525799,2842.0,-0.0003143325143325143,-6.28992628992629e-05,1.0,600,400
../full test/organized/dusk/control/y_25/x_-15_y_25.heic,2167,2702,2274,2702,2278,2763,2167,2777,1.0099460475562716,-0.23806210634246372,2167.0,0.9881343684390411,-0.11757543576973778,2702.0,0.0003657047995703335,-0.00010985791709389189,1.0,600,400
../full test/organized/dusk/control/y_25/x_-20_y_25.heic,2099,2667,2185,2656,2188,2710,2096,2731,0.7180666534154906,-0.3762060226595111,2099.0,0.680289869475916,-0.32040846750149077,2667.0,0.00026303584443119327,-0.00017590936195587358,1.0,600,400
../full test/organized/dusk/control/y_30/x_+00_y_30.heic,2121,2960,2242,2960,2242,3024,2128,3017,-0.2321267361111111,0.34416666666666673,2121.0,-0.5727156432748538,0.6056359649122808,2960.0,-0.00019348501461988304,0.00015350877192982457,1.0,600,400
../full test/organized/dusk/control/y_30/x_+05_y_30.heic,2235,2503,2353,2506,2349,2570,2228,2570,0.38049479166666667,-0.14696797520661156,2235.0,0.20078125,0.01815857438016529,2503.0,7.8125e-05,-5.8109504132231405e-05,1.0,600,400
../full test/organized/dusk/control/y_30/x_+10_y_30.heic,2171,2727,2288,2738,2281,2802,2167,2792,0.23848628835188707,0.13635928590822696,2171.0,0.07037243189428907,0.3510718164539777,2727.0,1.900624490904154e-05,6.754004887320119e-05,1.0,600,400
../full test/organized/dusk/control/y_30/x_+15_y_30.heic,2042,2702,2142,2710,2138,2767,2035,2760,0.24170989433237272,-0.16152652992032546,2042.0,0.10827597897948806,-0.05033819291405323,2702.0,3.503418658529695e-05,-7.077470757755552e-05,1.0,600,400
../full test/organized/dusk/control/y_30/x_+20_y_30.heic,2092,2806,2181,2810,2178,2860,2085,2856,0.16080866580866582,-0.2411164736164736,2092.0,0.02273988273988274,-0.18130630630630631,2806.0,5.72000572000572e-06,-0.00010725010725010725,1.0,600,400
../full test/organized/dusk/control/y_30/x_-05_y_30.heic,2113,2874,2235,2870,2231,2927,2113,2938,0.6883303402174997,0.2023825202035319,2113.0,0.6161259104060661,0.44140077821011675,2874.0,0.0002170008979347501,9.577970667464832e-05,1.0,600,400
../full test/organized/dusk/control/y_30/x_-10_y_30.heic,2235,2781,2353,2774,2349,2827,2242,2835,0.33228025063545547,0.6009607199858131,2235.0,0.1482109712123899,0.872783738251463,2781.0,5.763433232842703e-05,0.0002602411775137436,1.0,600,400
../full test/organized/dusk/control/y_30/x_-15_y_30.heic,2224,2895,2321,2892,2321,2949,2221,2956,0.4188769005847953,-0.17407499999999998,2224.0,0.31548771929824565,-0.06919999999999998,2895.0,0.0001108187134502924,-7.5e-05,1.0,600,400
../full test/organized/dusk/control/y_30/x_-20_y_30.heic,2188,2735,2278,2727,2285,2785,2196,2799,0.5455462610899874,0.03669961977186312,2188.0,0.46017617237008873,0.18128517110266162,2735.0,0.00017363751584283904,7.604562737642588e-06,1.0,600,400
../full test/organized/dusk/control/y_35/x_+00_y_35.heic,2113,2920,2224,2913,2221,2970,2113,2974,-0.003229166666666673,0.13928466796874997,2113.0,-0.2582096354166667,0.3310400390625,2920.0,-8.463541666666667e-05,6.591796874999999e-05,1.0,600,400
../full test/organized/dusk/control/y_35/x_+05_y_35.heic,2188,2845,2292,2845,2296,2899,2188,2902,0.37727583846680357,-0.21340862422997947,2188.0,0.2531485284052019,-0.14054928131416836,2845.0,8.898015058179328e-05,-9.75359342915811e-05,1.0,600,400
../full test/organized/dusk/control/y_35/x_+10_y_35.heic,2017,2767,2121,2770,2113,2831,2021,2831,0.3471857923497268,0.690629009265859,2017.0,0.23204918032786884,1.1134194583036352,2767.0,8.19672131147541e-05,0.00033677833214540274,1.0,600,400
../full test/organized/dusk/control/y_35/x_+15_y_35.heic,2042,2810,2138,2820,2131,2867,2038,2860,0.3679954751131222,0.17673981900452485,2042.0,0.29101055806938164,0.38705882352941173,2810.0,9.728506787330317e-05,9.162895927601809e-05,1.0,600,400
../full test/organized/dusk/control/y_35/x_-05_y_35.heic,2078,2820,2185,2817,2185,2870,2078,2877,0.45317610062893077,0.0,2078.0,0.3493396226415094,0.1425,2820.0,0.00012578616352201257,0.0,1.0,600,400
../full test/organized/dusk/control/y_35/x_-10_y_35.heic,2128,2824,2235,2820,2235,2874,2128,2877,0.10935185185185185,0.0,2128.0,-0.0937037037037037,0.1325,2824.0,-3.08641975308642e-05,0.0,1.0,600,400
../full test/organized/dusk/control/y_35/x_-15_y_35.heic,2221,2877,2303,2874,2306,2917,2217,2924,0.4428954435204435,-0.46083225051975046,2221.0,0.37715436590436585,-0.4771023908523908,2877.0,0.00013296950796950796,-0.00020335239085239083,1.0,600,400
../full test/organized/dusk/control/y_35/x_-20_y_35.heic,2042,2738,2135,2735,2135,2788,2038,2792,0.21106399533164755,-0.22010309278350515,2042.0,0.06681968488620892,-0.15283505154639176,2738.0,2.6259482590935618e-05,-0.00010309278350515464,1.0,600,400
../full test/organized/dusk/control/y_40/x_+00_y_40.heic,2131,2663,2224,2663,2221,2713,2128,2710,-0.06697037990985188,-0.01777688345138442,2131.0,-0.26578557630392785,0.10441242755956213,2663.0,-9.980682549903412e-05,-4.8293625241468136e-06,1.0,600,400
../full test/organized/dusk/control/y_40/x_+05_y_40.heic,2160,2649,2256,2649,2253,2699,2160,2695,-0.1497039897039897,0.15984555984555984,2160.0,-0.36365508365508364,0.314436936936937,2649.0,-0.00013728013728013728,7.4002574002574e-05,1.0,600,400
../full test/organized/dusk/control/y_40/x_+10_y_40.heic,2296,2638,2385,2649,2374,2692,2292,2688,0.7562745098039216,0.5967058823529411,2296.0,0.6935686274509805,0.8365294117647057,2638.0,0.00025490196078431374,0.00026470588235294115,1.0,600,400
../full test/organized/dusk/control/y_40/x_+15_y_40.heic,2242,2660,2328,2660,2317,2702,2242,2699,-0.17116242538485701,0.7554335532516494,2242.0,-0.35934652843229653,1.0069180018850141,2660.0,-0.0001350926798617656,0.0003369462770970782,1.0,600,400
../full test/organized/dusk/control/y_40/x_+20_y_40.heic,2078,2763,2163,2770,2156,2810,2071,2810,0.7725416666666667,0.057116911764705874,2078.0,0.8195833333333334,0.21874264705882354,2763.0,0.0002916666666666667,3.602941176470588e-05,1.0,600,400
../full test/organized/dusk/control/y_40/x_-05_y_40.heic,2196,2827,2285,2831,2288,2874,2206,2877,0.7893399339933993,0.46183168316831685,2196.0,0.8008415841584159,0.6947029702970298,2827.0,0.00028052805280528054,0.00019801980198019803,1.0,600,400
../full test/organized/dusk/control/y_40/x_-10_y_40.heic,2124,2874,2203,2881,2206,2924,2117,2924,0.7293798449612403,-0.6412045989025347,2124.0,0.7933333333333332,-0.7364606741573034,2874.0,0.0002713178294573643,-0.0002946171936242488,1.0,600,400
../full test/organized/dusk/control/y_40/x_-15_y_40.heic,2224,2874,2310,2874,2310,2917,2228,2927,1.0823577235772357,0.28170731707317076,2224.0,1.1682926829268292,0.4894512195121951,2874.0,0.0004065040650406504,0.00012195121951219512,1.0,600,400
../full test/organized/dusk/control/y_40/x_-20_y_40.heic,2217,2756,2299,2756,2296,2799,2213,2802,0.40143913857677904,-0.06283848314606741,2217.0,0.31740449438202245,0.048098314606741584,2756.0,0.00011516853932584269,-2.387640449438202e-05,1.0,600,400
../full test/organized/dusk/control/y_45/x_+00_y_45.heic,2181,2877,2263,2877,2267,2917,2181,2913,-0.22463785046728973,-0.22931074766355142,2181.0,-0.45933411214953274,-0.21627336448598128,2877.0,-0.00015965732087227415,-0.00010514018691588785,1.0,600,400
../full test/organized/dusk/control/y_45/x_+05_y_45.heic,2138,2617,2217,2613,2221,2649,2138,2653,0.11198624056813138,-0.2562183754993342,2138.0,-0.0298624056813138,-0.22793608521970704,2617.0,-8.87705281846427e-06,-0.00011984021304926763,1.0,600,400
../full test/organized/dusk/control/y_45/x_+10_y_45.heic,2096,2731,2167,2735,2171,2774,2092,2770,0.15604078303425775,-0.5423849918433931,2096.0,0.05425774877650897,-0.607426590538336,2731.0,1.7400761283306142e-05,-0.00025448613376835235,1.0,600,400
../full test/organized/dusk/control/y_45/x_+15_y_45.heic,2081,2645,2156,2649,2149,2685,2081,2685,0.5242592592592592,0.5950571895424837,2081.0,0.4972222222222222,0.8677696078431373,2645.0,0.00018518518518518518,0.00028594771241830067,1.0,600,400
../full test/organized/dusk/control/y_45/x_+20_y_45.heic,2124,2724,2199,2720,2199,2767,2124,2767,-0.18691489361702127,0.0,2124.0,-0.3924822695035461,0.1075,2724.0,-0.00014184397163120567,0.0,1.0,600,400
../full test/organized/dusk/control/y_45/x_-05_y_45.heic,2181,2603,2260,2603,2260,2645,2181,2645,0.13166666666666665,0.0,2181.0,0.0,0.105,2603.0,0.0,0.0,1.0,600,400
../full test/organized/dusk/control/y_45/x_-10_y_45.heic,1999,2763,2081,2760,2081,2799,2003,2802,0.15034845496383958,0.26679487179487177,1999.0,0.01314595660749507,0.4567307692307692,2763.0,6.574621959237344e-06,0.0001282051282051282,1.0,600,400
../full test/organized/dusk/control/y_45/x_-15_y_45.heic,2138,2788,2217,2788,2217,2824,2142,2824,0.13166666666666665,0.29560000000000003,2138.0,0.0,0.46653333333333336,2788.0,0.0,0.00013333333333333334,1.0,600,400
../full test/organized/dusk/control/y_50/x_+00_y_50.heic,2078,2910,2156,2910,2153,2942,2081,2945,0.49637908496732025,0.4631437908496732,2078.0,0.4945098039215686,0.7323202614379085,2910.0,0.00016993464052287582,0.00021895424836601308,1.0,600,400
../full test/organized/dusk/control/y_50/x_+05_y_50.heic,2260,2474,2335,2478,2335,2513,2256,2517,0.9920042194092826,-0.2955696202531646,2260.0,0.9267679324894514,-0.21110759493670886,2474.0,0.00037130801687763714,-0.00012658227848101267,1.0,600,400
../full test/organized/dusk/control/y_50/x_+10_y_50.heic,2181,2785,2249,2781,2246,2820,2181,2817,-0.5703249475890986,0.2057547169811321,2181.0,-0.8520440251572328,0.34575471698113214,2785.0,-0.0003039832285115304,9.433962264150944e-05,1.0,600,400
../full test/organized/dusk/control/y_50/x_+15_y_50.heic,2217,2774,2278,2777,2281,2817,2213,2817,0.38641666666666663,-0.5978281249999999,2217.0,0.352125,-0.6407656249999999,2774.0,0.000125,-0.00026562499999999996,1.0,600,400
../full test/organized/dusk/control/y_50/x_+20_y_50.heic,2199,2467,2271,2467,2267,2506,2192,2503,-0.15836567926455566,-0.25819458631256387,2199.0,-0.3023901940755873,-0.18484422880490295,2467.0,-0.00012257405515832482,-0.00010980592441266599,1.0,600,400
../full test/organized/dusk/control/y_50/x_-05_y_50.heic,2124,2692,2192,2688,2188,2724,2121,2720,-0.6991872597473917,0.0012355848434925905,2124.0,-1.0030422844590885,0.08120263591433279,2692.0,-0.000370675453047776,4.11861614497529e-06,1.0,600,400
../full test/organized/dusk/control/y_50/x_-10_y_50.heic,2088,2699,2153,2695,2156,2738,2092,2731,-0.8258684242646163,0.15554375686561697,2088.0,-1.1760460148907605,0.26999999999999996,2699.0,-0.000433906993775174,6.957158549981691e-05,1.0,600,400
../full test/organized/dusk/control/y_50/x_-15_y_50.heic,2174,2770,2235,2767,2242,2813,2178,2813,-0.14126811594202898,-0.2063943614130435,2174.0,-0.3057608695652174,-0.17198454483695652,2770.0,-0.00010869565217391305,-9.935461956521739e-05,1.0,600,400
../full test/organized/dusk/control/y_50/x_-20_y_50.heic,2124,2931,2196,2931,2196,2967,2121,2974,0.8032,-0.21960000000000002,2124.0,0.9118666666666667,-0.1899,2931.0,0.0003111111111111111,-0.0001,1.0,600,400
../full test/organized/full sun/control/y_05/x_+00_y_05.heic,1879,3056,2568,3055,2549,3331,1881,3337,1.2288443670150988,0.15534912403529907,1879.0,0.09411261989789457,0.9692278186633669,3056.0,3.135164862997095e-05,7.993042213466193e-05,1.0,600,400
../full test/organized/full sun/control/y_05/x_+05_y_05.heic,1966,2702,2284,2848,2250,3067,1938,2909,0.2876542740841248,-0.010440027137042068,1966.0,-0.05885608322026234,0.6069014246947083,2702.0,-0.00010610583446404343,3.073270013568521e-05,1.0,600,400
../full test/organized/full sun/control/y_05/x_+10_y_05.heic,1571,2655,1753,2738,1734,2904,1557,2810,0.07676543249486656,0.042555265015400405,1571.0,-0.21554168805612592,0.5274680762320328,2655.0,-0.0001292458076659822,4.981070328542094e-05,1.0,600,400
../full test/organized/full sun/control/y_05/x_+15_y_05.heic,2067,2745,2167,2799,2149,2910,2046,2849,0.011605086053254596,-0.23985815178357672,2067.0,-0.11028489346420876,-0.0008911898491740491,2745.0,-7.155587476391881e-05,-9.15728992099593e-05,1.0,600,400
../full test/organized/full sun/control/y_05/x_+20_y_05.heic,2010,2752,2081,2785,2063,2895,1992,2842,-0.443628480146052,-0.24956412596987676,2010.0,-0.6970728738779858,-0.06685303514376995,2752.0,-0.0002700441198843755,-0.00010269283432222728,1.0,600,400
../full test/organized/full sun/control/y_05/x_-05_y_05.heic,2145,3118,2595,2928,2615,3183,2172,3388,1.0485179173963184,0.13638096356724896,2145.0,0.02015817423368782,0.7824441549566481,3118.0,0.00011503580631842708,3.1713150813650535e-05,1.0,600,400
../full test/organized/full sun/control/y_05/x_-10_y_05.heic,2494,3009,2679,2891,2699,3075,2510,3209,0.6049191940766054,-0.136911576249466,2494.0,0.12338922113057099,0.2738210166595472,3009.0,0.00011070767478285634,-7.048269970098248e-05,1.0,600,400
../full test/organized/full sun/control/y_05/x_-15_y_05.heic,2274,2806,2374,2720,2388,2852,2296,2960,1.0034309705135716,0.36940538957234914,2274.0,0.8153856668619409,0.7903309900410076,2806.0,0.0003524702206600273,0.00013693614528412419,1.0,600,400
../full test/organized/full sun/control/y_05/x_-20_y_05.heic,2288,2735,2303,2838,2260,2888,2249,2788,-0.2654470790378007,0.2839025773195876,2288.0,-0.1862529209621993,0.6053103092783505,2735.0,-0.0001261168384879725,0.00016958762886597938,1.0,600,400
../full test/organized/full sun/control/y_10/x_+00_y_10.heic,1980,2858,2390,2859,2387,3054,1985,3053,0.6829268344537566,0.1112524396310895,1980.0,0.0011803987600933756,0.6393847346064061,2858.0,-1.70083213212064e-07,4.974933986452872e-05,1.0,600,400
../full test/organized/full sun/control/y_10/x_+05_y_10.heic,1930,2773,2237,2823,2225,2992,1918,2936,0.38099232550026957,-0.03656911806678718,1930.0,-0.08157219420924111,0.3974442488821235,2773.0,-5.8414993816002285e-05,-3.4249833507753784e-06,1.0,600,400
../full test/organized/full sun/control/y_10/x_+10_y_10.heic,1958,2755,2166,2799,2147,2941,1944,2892,0.19380851564337803,0.06544359310414358,1958.0,-0.12419665960950366,0.4919253452969049,2755.0,-7.057163020465773e-05,5.166851497126727e-05,1.0,600,400
../full test/organized/full sun/control/y_10/x_+15_y_10.heic,1952,2828,2092,2862,2074,2979,1942,2937,-0.0662617283950617,0.21235555555555552,1952.0,-0.35319999999999996,0.6314666666666667,2828.0,-0.00014320987654320986,0.00012222222222222221,1.0,600,400
../full test/organized/full sun/control/y_10/x_+20_y_10.heic,2088,2738,2192,2774,2181,2870,2067,2835,0.3229623091181923,-0.48536764056845266,2088.0,0.24935710712919648,-0.3512009003442493,2738.0,6.826139406243564e-05,-0.00020941830699973518,1.0,600,400
../full test/organized/full sun/control/y_10/x_-05_y_10.heic,2045,2954,2408,2904,2413,3098,2054,3152,0.6998284608196502,0.07802462955546656,2045.0,0.031027900146842882,0.5802062474969965,2954.0,3.9380590041382994e-05,2.7032438926712055e-05,1.0,600,400
../full test/organized/full sun/control/y_10/x_-10_y_10.heic,2180,3030,2429,2958,2447,3132,2199,3207,0.4895041795874343,0.06232405285155723,2180.0,-0.02926992045301335,0.4641192530672778,3030.0,3.0672778751516784e-05,6.741270055278414e-06,1.0,600,400
../full test/organized/full sun/control/y_10/x_-15_y_10.heic,2329,2864,2478,2801,2492,2940,2347,3007,0.4143713554259707,0.18408642677665576,2329.0,0.08268058913699647,0.5356989285544967,2864.0,6.700485153052355e-05,5.9261366330062104e-05,1.0,600,400
../full test/organized/full sun/control/y_10/x_-20_y_10.heic,2456,2974,2553,2927,2563,3031,2485,3077,0.5567879919116504,1.5118402939804017,2456.0,0.3746710219318713,2.0397334344377045,2974.0,0.00015476745994711467,0.0005792113859076063,1.0,600,400
../full test/organized/full sun/control/y_15/x_+00_y_15.heic,2042,2838,2337,2840,2331,2988,2042,2984,0.43687673302800883,0.104495279932704,2042.0,-0.06324921332211733,0.5177002523600337,2838.0,-2.3444558681496713e-05,5.1173006823067576e-05,1.0,600,400
../full test/organized/full sun/control/y_15/x_+05_y_15.heic,2071,2787,2312,2811,2302,2944,2065,2914,0.21493966248703686,0.06157521762358192,2071.0,-0.18702837748656548,0.425558200559379,2787.0,-8.076427516419974e-05,3.708242984192829e-05,1.0,600,400
../full test/organized/full sun/control/y_15/x_+10_y_15.heic,1985,2872,2174,2899,2165,3010,1976,2981,0.25051694915254236,-0.026686440677966102,1985.0,-0.04098728813559323,0.26618432203389836,2872.0,-2.9661016949152544e-05,-2.11864406779661e-06,1.0,600,400
../full test/organized/full sun/control/y_15/x_+15_y_15.heic,2015,2784,2151,2810,2143,2906,2004,2880,0.2473005214482487,-0.13396989374262103,2015.0,0.070288764266037,0.0869893742621015,2784.0,9.592680047225503e-06,-5.312868949232586e-05,1.0,600,400
../full test/organized/full sun/control/y_15/x_+20_y_15.heic,1988,2824,2099,2845,2088,2920,1981,2902,0.2909327496047671,0.18305727836556002,1988.0,0.17858202602456524,0.4887997081357169,2824.0,5.046819895415298e-05,0.00010124042320321051,1.0,600,400
../full test/organized/full sun/control/y_15/x_-05_y_15.heic,2052,2834,2317,2813,2327,2949,2060,2974,0.5491874988603833,-0.02394726765494229,2052.0,0.09553780792443886,0.28655379902631145,2834.0,4.6405193005488396e-05,-2.1333625075214703e-05,1.0,600,400
../full test/organized/full sun/control/y_15/x_-10_y_15.heic,1969,2835,2172,2798,2185,2925,1980,2962,0.32823075375873684,-0.019916654095640366,1969.0,-0.07468094735254185,0.2465666012973299,2835.0,-4.651279730477196e-06,-2.3947805098808265e-05,1.0,600,400
../full test/organized/full sun/control/y_15/x_-15_y_15.heic,2120,2846,2281,2810,2297,2926,2133,2962,0.24738537414965986,-0.062179081632653066,2120.0,-0.08580612244897959,0.1585234693877551,2846.0,-9.183673469387756e-06,-4.438775510204082e-05,1.0,600,400
../full test/organized/full sun/control/y_15/x_-20_y_15.heic,2500,2847,2607,2824,2616,2917,2510,2944,0.37233343233343236,0.060409860409860405,2500.0,0.1718148368148368,0.28403252153252156,2847.0,7.441507441507442e-05,1.4107514107514107e-05,1.0,600,400
../full test/organized/full sun/control/y_20/x_+00_y_20.heic,2083,2648,2296,2651,2294,2756,2084,2751,0.2795421577515866,0.07595013599274707,2083.0,-0.0821248866727108,0.35445840888485947,2648.0,-3.2864913871260204e-05,3.524478694469629e-05,1.0,600,400
../full test/organized/full sun/control/y_20/x_+05_y_20.heic,2091,2804,2289,2818,2283,2923,2085,2907,0.25766733697213445,-0.017994829072105714,2091.0,-0.06571579048166236,0.25332447572536626,2804.0,-3.1600114909508763e-05,-1.4363688595231254e-06,1.0,600,400
../full test/organized/full sun/control/y_20/x_+10_y_20.heic,2146,2812,2313,2828,2308,2920,2141,2903,0.23666170410166784,-0.014232312771053144,2146.0,-0.02428334088506268,0.2251511424687682,2812.0,-1.8016268582648284e-05,-8.091138585021683e-07,1.0,600,400
../full test/organized/full sun/control/y_20/x_+15_y_20.heic,1992,2788,2135,2802,2124,2885,1981,2870,0.19604966483851308,-0.032026965265082266,1992.0,-0.032160268129189526,0.1984414990859232,2788.0,-1.9804996953077393e-05,-2.2851919561243146e-06,1.0,600,400
../full test/organized/full sun/control/y_20/x_+20_y_20.heic,2046,2885,2167,2906,2163,2985,2038,2963,0.1882538726621834,-0.1836454883067349,2046.0,0.017013115192880325,-0.04292030512897726,2885.0,-6.189568068520191e-06,-8.029709926728898e-05,1.0,600,400
../full test/organized/full sun/control/y_20/x_-05_y_20.heic,2101,2813,2308,2807,2308,2912,2102,2922,0.4933180767452612,0.02800970873786408,2101.0,0.17038511326860842,0.30796116504854365,2813.0,6.426259824318077e-05,1.2135922330097088e-05,1.0,600,400
../full test/organized/full sun/control/y_20/x_-10_y_20.heic,2097,2824,2269,2808,2275,2905,2100,2921,0.2760334290121649,-0.08199387850741022,2097.0,-0.039825825474000744,0.11801827660945462,2824.0,-4.686310116571964e-06,-4.26161326225763e-05,1.0,600,400
../full test/organized/full sun/control/y_20/x_-15_y_20.heic,2134,2868,2276,2849,2284,2941,2141,2958,0.15019510482495738,-0.01310412278061992,2134.0,-0.13990809007924565,0.18271742401444477,2868.0,-3.799277761059284e-05,-1.429431236834186e-05,1.0,600,400
../full test/organized/full sun/control/y_20/x_-20_y_20.heic,2222,2649,2330,2630,2341,2710,2233,2733,0.36864275272686386,-0.00012060047228156656,2222.0,0.1812648525057161,0.17619475992353537,2649.0,8.09625548183965e-05,-1.2369279208366129e-05,1.0,600,400
../full test/organized/full sun/control/y_25/x_+00_y_25.heic,2135,2786,2300,2788,2300,2869,2131,2869,0.36965020576131685,-0.13609467455621302,2135.0,0.11806584362139917,0.03773668639053254,2786.0,4.11522633744856e-05,-5.9171597633136094e-05,1.0,600,400
../full test/organized/full sun/control/y_25/x_+05_y_25.heic,2143,2836,2307,2843,2302,2929,2138,2920,0.18419911890121798,-0.016277652130892644,2143.0,-0.09817666737343039,0.2048406247791363,2836.0,-3.863641717907037e-05,-1.7669093222135843e-06,1.0,600,400
../full test/organized/full sun/control/y_25/x_+10_y_25.heic,2126,2875,2274,2884,2269,2968,2123,2952,-0.0769448044934111,0.049685474724562535,2126.0,-0.3954201771440916,0.27201555411535966,2875.0,-0.0001423093540721538,2.6936163318211274e-05,1.0,600,400
../full test/organized/full sun/control/y_25/x_+15_y_25.heic,1981,2810,2106,2824,2106,2902,1974,2885,0.11390151515151518,-0.2792045454545455,1981.0,-0.10329318829318827,-0.19498106060606063,2810.0,-4.483941983941983e-05,-0.0001325757575757576,1.0,600,400
../full test/organized/full sun/control/y_25/x_+20_y_25.heic,2031,2813,2142,2827,2138,2902,2028,2888,0.17898266313508307,0.03828015892126174,2031.0,0.015391684725900955,0.2526938357813629,2813.0,-2.8092142226502933e-06,2.2574042860582712e-05,1.0,600,400
../full test/organized/full sun/control/y_25/x_-05_y_25.heic,2145,2872,2307,2863,2311,2948,2149,2953,0.08932124728063817,0.016233502538071064,2145.0,-0.2392233502538071,0.21106562726613487,2872.0,-7.831762146482958e-05,2.90065264684554e-06,1.0,600,400
../full test/organized/full sun/control/y_25/x_-10_y_25.heic,2056,2824,2198,2818,2206,2893,2062,2904,0.47151298065148173,-0.07495683321087436,2056.0,0.29109049718344354,0.07331006612784718,2824.0,0.00010684545677198137,-4.3626010286554003e-05,1.0,600,400
../full test/organized/full sun/control/y_25/x_-15_y_25.heic,2103,2804,2229,2795,2236,2868,2108,2880,0.35185405176071277,-0.08084853627492575,2103.0,0.16287441663131097,0.062464997878659334,2804.0,6.364022061943148e-05,-4.4282986847687735e-05,1.0,600,400
../full test/organized/full sun/control/y_25/x_-20_y_25.heic,2160,2810,2267,2792,2278,2870,2167,2881,-0.1750112009720166,-0.12751794053992482,2160.0,-0.4651733302957817,-0.015299578539697014,2810.0,-0.00015586437331510804,-6.692106162433079e-05,1.0,600,400
../full test/organized/full sun/control/y_30/x_+00_y_30.heic,2110,2813,2253,2806,2249,2881,2099,2885,0.07856032282950567,-0.2783374132098986,2110.0,-0.21065604415168238,-0.16476700195834076,2813.0,-7.091567266037623e-05,-0.00011950329357308172,1.0,600,400
../full test/organized/full sun/control/y_30/x_+05_y_30.heic,2088,2849,2235,2856,2231,2913,2085,2920,1.1661448034723896,0.06351669881842296,2088.0,1.1887537175468208,0.27695743911261156,2849.0,0.00041214532593842934,3.406076681938751e-05,1.0,600,400
../full test/organized/full sun/control/y_30/x_+10_y_30.heic,2035,2888,2167,2892,2163,2960,2031,2960,0.4324509803921568,-0.0009491978609625669,2035.0,0.2901960784313726,0.19319073083778968,2888.0,9.80392156862745e-05,4.4563279857397505e-06,1.0,600,400
../full test/organized/full sun/control/y_30/x_+15_y_30.heic,2043,2869,2158,2875,2155,2939,2039,2929,-0.027395134603344962,-0.061973437080762014,2043.0,-0.2818455415436902,0.0753407566407298,2869.0,-0.00010151149271084876,-2.5489669975851892e-05,1.0,600,400
../full test/organized/full sun/control/y_30/x_+20_y_30.heic,2031,2856,2142,2863,2135,2927,2024,2917,0.019289099526066347,-0.032311820462782276,2031.0,-0.20982273952234923,0.13115312238639532,2856.0,-7.736269863395595e-05,-7.318093114022862e-06,1.0,600,400
../full test/organized/full sun/control/y_30/x_-05_y_30.heic,2139,2861,2274,2859,2276,2929,2141,2930,0.17086859923825645,0.006132564536606009,2139.0,-0.07139035830159401,0.17404993652137113,2861.0,-2.380448582310622e-05,5.289885738468049e-07,1.0,600,400
../full test/organized/full sun/control/y_30/x_-10_y_30.heic,2149,2913,2278,2910,2281,2974,2149,2985,0.6729636835278858,-0.13683056243367528,2149.0,0.5800194552529183,-0.01006013441811107,2913.0,0.00020103761348897535,-6.36717368234878e-05,1.0,600,400
../full test/organized/full sun/control/y_30/x_-15_y_30.heic,2128,2820,2249,2810,2246,2877,2128,2885,0.10084876934788124,0.13161634103019537,2128.0,-0.14263300346781696,0.3409366277594519,2820.0,-4.482787786517804e-05,6.184978431870083e-05,1.0,600,400
../full test/organized/full sun/control/y_30/x_-20_y_30.heic,2153,2867,2253,2856,2260,2927,2156,2931,-0.2102518438568088,-0.1633917970858068,2153.0,-0.496131498470948,-0.07232089854290341,2867.0,-0.00016729627630868862,-7.926335671883432e-05,1.0,600,400
../full test/organized/full sun/control/y_35/x_+00_y_35.heic,2106,2835,2231,2842,2235,2906,2106,2902,0.390188713592233,-0.1712402912621359,2106.0,0.24332645631067962,-0.06846359223300971,2835.0,8.151294498381878e-05,-8.131067961165049e-05,1.0,600,400
../full test/organized/full sun/control/y_35/x_+05_y_35.heic,2106,2835,2231,2845,2228,2899,2106,2895,0.6139696969696969,0.1435909090909091,2106.0,0.5339393939393938,0.34738636363636366,2835.0,0.0001818181818181818,6.818181818181818e-05,1.0,600,400
../full test/organized/full sun/control/y_35/x_+10_y_35.heic,2103,2827,2217,2831,2213,2888,2096,2885,0.25968567579703633,-0.14848039215686273,2103.0,0.0956518485256698,-0.03528551115102528,2827.0,3.143242029636282e-05,-6.249064511300703e-05,1.0,600,400
../full test/organized/full sun/control/y_35/x_+15_y_35.heic,2081,2906,2185,2910,2181,2970,2071,2963,0.015095554214443757,-0.3155899215449608,2081.0,-0.20407563870448603,-0.2732498491249246,2906.0,-7.242003621001811e-05,-0.0001403138201569101,1.0,600,400
../full test/organized/full sun/control/y_35/x_+20_y_35.heic,2092,2817,2192,2827,2181,2877,2081,2870,0.38254218370428733,0.0063157376403387856,2092.0,0.2950791149629046,0.17913679338191846,2817.0,9.848335631278314e-05,1.624975379160922e-05,1.0,600,400
../full test/organized/full sun/control/y_35/x_-05_y_35.heic,2063,2845,2185,2842,2188,2910,2071,2910,0.042671568627450994,0.24711758421317248,2063.0,-0.2139705882352941,0.4816270739064857,2845.0,-7.352941176470588e-05,0.00010966566113624939,1.0,600,400
../full test/organized/full sun/control/y_35/x_-10_y_35.heic,2171,2820,2296,2817,2299,2885,2174,2888,0.20833333333333334,0.0075,2171.0,-0.005,0.17,2820.0,0.0,0.0,1.0,600,400
../full test/organized/full sun/control/y_35/x_-15_y_35.heic,2119,2885,2220,2883,2223,2931,2120,2936,0.3914226658600524,-0.10972020568663038,2119.0,0.28638132688041945,-0.027914398064125833,2885.0,0.00010049069032735094,-5.29340592861464e-05,1.0,600,400
../full test/organized/full sun/control/y_35/x_-20_y_35.heic,2124,2845,2213,2842,2221,2902,2128,2899,-0.21412706983441324,-0.17384449244060476,2124.0,-0.4704823614110871,-0.11545356371490283,2845.0,-0.00016378689704823614,-8.639308855291577e-05,1.0,600,400
../full test/organized/full sun/control/y_40/x_+00_y_40.heic,2099,2781,2221,2785,2217,2852,2099,2849,0.252888355645365,0.18026269259914118,2099.0,0.06880567483371221,0.41467289719626166,2781.0,2.231203165782605e-05,8.588027279616064e-05,1.0,600,400
../full test/organized/full sun/control/y_40/x_+05_y_40.heic,2178,2835,2296,2831,2296,2899,2185,2899,-0.028431372549019597,0.361981981981982,2178.0,-0.2842156862745098,0.6170495495495495,2835.0,-9.80392156862745e-05,0.00015765765765765765,1.0,600,400
../full test/organized/full sun/control/y_40/x_+10_y_40.heic,2103,2806,2217,2813,2213,2881,2096,2870,-0.010915624999999986,-0.1616,2103.0,-0.24326145833333332,-0.037312500000000026,2806.0,-9.0625e-05,-6.875e-05,1.0,600,400
../full test/organized/full sun/control/y_40/x_+15_y_40.heic,2153,2827,2249,2824,2238,2874,2153,2870,-0.39779809035863994,0.5929023055426177,2153.0,-0.70540987424313,0.8978528178854216,2827.0,-0.0002480204937121565,0.00027538425710293437,1.0,600,400
../full test/organized/full sun/control/y_40/x_+20_y_40.heic,2046,2813,2138,2806,2131,2856,2042,2863,0.17033628720745284,0.1639945466939332,2046.0,0.010648716200863441,0.36895023858214043,2813.0,7.952738014087708e-06,8.520790729379687e-05,1.0,600,400
../full test/organized/full sun/control/y_40/x_-05_y_40.heic,2053,2788,2163,2788,2163,2838,2049,2849,0.9486052631578947,-0.18973684210526315,2053.0,0.9863976608187134,-0.09741228070175437,2788.0,0.0003538011695906433,-8.771929824561403e-05,1.0,600,400
../full test/organized/full sun/control/y_40/x_-10_y_40.heic,2113,2842,2213,2835,2217,2892,2113,2895,-0.09909203142536477,-0.18853367003367005,2113.0,-0.3521212121212121,-0.1258080808080808,2842.0,-0.00012008978675645342,-8.922558922558923e-05,1.0,600,400
../full test/organized/full sun/control/y_40/x_-15_y_40.heic,2092,2802,2188,2795,2188,2856,2096,2852,-0.507992397244001,0.23782608695652174,2092.0,-0.8649750534568782,0.435,2802.0,-0.00030529817058683775,0.00010869565217391305,1.0,600,400
../full test/organized/full sun/control/y_40/x_-20_y_40.heic,2178,2831,2271,2827,2271,2877,2178,2881,0.155,0.0,2178.0,-0.006666666666666667,0.125,2831.0,0.0,0.0,1.0,600,400
../full test/organized/full sun/control/y_45/x_+00_y_45.heic,2135,2831,2228,2835,2228,2881,2135,2885,0.8007971014492753,0.0,2135.0,0.8284057971014492,0.135,2831.0,0.0002898550724637681,0.0,1.0,600,400
../full test/organized/full sun/control/y_45/x_+05_y_45.heic,2171,2827,2267,2831,2271,2885,2171,2877,-0.09902136115250869,-0.20221684053651268,2171.0,-0.31679582712369597,-0.1429769001490313,2827.0,-0.00011425732737208147,-9.314456035767511e-05,1.0,600,400
../full test/organized/full sun/control/y_45/x_+10_y_45.heic,2128,2820,2224,2827,2221,2881,2128,2870,-0.136973293768546,0.1578635014836795,2128.0,-0.3658259149357072,0.3379080118694362,2820.0,-0.00013353115727002967,7.41839762611276e-05,1.0,600,400
../full test/organized/full sun/control/y_45/x_+15_y_45.heic,2099,2902,2188,2902,2181,2945,2099,2949,0.5194635029540691,0.4935470268724986,2099.0,0.4922393748808844,0.8109112349914237,2902.0,0.00016962073565847152,0.00023513436249285305,1.0,600,400
../full test/organized/full sun/control/y_45/x_+20_y_45.heic,2042,2860,2121,2860,2121,2902,2038,2902,0.13166666666666665,-0.2555421686746988,2042.0,0.0,-0.24463855421686745,2860.0,0.0,-0.00012048192771084337,1.0,600,400
../full test/organized/full sun/control/y_45/x_-05_y_45.heic,2060,2838,2153,2835,2153,2877,2060,2885,0.5821825396825396,0.0,2060.0,0.5575,0.1175,2838.0,0.0001984126984126984,0.0,1.0,600,400
../full test/organized/full sun/control/y_45/x_-10_y_45.heic,2028,2877,2117,2870,2117,2917,2028,2913,-0.6774468085106383,0.0,2028.0,-1.1311702127659573,0.09,2877.0,-0.0003900709219858156,0.0,1.0,600,400
../full test/organized/full sun/control/y_45/x_-15_y_45.heic,2174,2817,2267,2813,2271,2874,2174,2874,-0.09275956284153006,-0.20942707453101236,2174.0,-0.3140983606557377,-0.13435989521717087,2817.0,-0.0001092896174863388,-9.633260098022647e-05,1.0,600,400
../full test/organized/full sun/control/y_45/x_-20_y_45.heic,2071,3031,2153,3031,2156,3070,2074,3081,1.138423604663159,-0.045457288765088213,2071.0,1.4102764881873517,0.046330083565459604,3031.0,0.0004652842257299082,-2.5533890436397404e-05,1.0,600,400
../full test/organized/full sun/control/y_50/x_+00_y_50.heic,2063,2870,2156,2870,2153,2920,2060,2913,-0.34580496681652745,-0.03065350032113038,2063.0,-0.6666559623207021,0.07475915221579961,2870.0,-0.00023228430742881607,-1.1239563262684652e-05,1.0,600,400
../full test/organized/full sun/control/y_50/x_+05_y_50.heic,2124,2792,2213,2795,2217,2838,2124,2842,0.7316687422166874,-0.26450809464508096,2124.0,0.7417476131174762,-0.22892278953922787,2792.0,0.0002635948526359485,-0.00012453300124533,1.0,600,400
../full test/organized/full sun/control/y_50/x_+10_y_50.heic,2163,2860,2256,2863,2253,2910,2160,2906,0.07521902806297057,-0.011196098562628336,2163.0,-0.09624686287930642,0.11002737850787132,2860.0,-3.536390600045631e-05,-1.711156741957563e-06,1.0,600,400
../full test/organized/full sun/control/y_50/x_+15_y_50.heic,1981,3074,2074,3077,2067,3117,1981,3124,1.081602772043645,0.5111692716012975,1981.0,1.3797139486877028,0.9311043939840755,3074.0,0.00044677086405190206,0.0002580359775877322,1.0,600,400
../full test/organized/full sun/control/y_50/x_+20_y_50.heic,2156,2802,2238,2806,2235,2845,2153,2845,0.5192307692307693,0.012696998123827392,2156.0,0.48632478632478626,0.13418855534709193,2802.0,0.00017094017094017094,9.380863039399625e-06,1.0,600,400
../full test/organized/full sun/control/y_50/x_-05_y_50.heic,2038,2802,2128,2802,2128,2838,2042,2849,1.284108527131783,0.2474418604651163,2038.0,1.4933139534883721,0.44877906976744186,2802.0,0.0005329457364341085,0.00011627906976744187,1.0,600,400
../full test/organized/full sun/control/y_50/x_-10_y_50.heic,2096,2806,2181,2806,2178,2842,2096,2845,0.4566258919469929,0.20831804281345565,2096.0,0.40521576622494054,0.3802599388379205,2806.0,0.00014441046551138295,9.938837920489297e-05,1.0,600,400
../full test/organized/full sun/control/y_50/x_-15_y_50.heic,2188,2838,2271,2838,2271,2881,2192,2885,0.508253851437543,0.28746835443037977,2188.0,0.4622784810126582,0.4826898734177215,2838.0,0.00016288882347169071,0.00012658227848101267,1.0,600,400
../full test/organized/full sun/control/y_50/x_-20_y_50.heic,2113,2817,2185,2817,2188,2849,2106,2852,0.4187466767945309,-0.6753750474743638,2113.0,0.3851576148879605,-0.8034115077857957,2817.0,0.00013672616786935055,-0.0003123813140903912,1.0,600,400
../full test/organized/dark flash/control/y_05/x_+00_y_05.heic,1364,2088,1865,2072,1854,2279,1372,2299,0.9070617286430814,0.1570222190971734,1364.0,0.053393334270847984,0.7571021003676397,2088.0,3.86389965914646e-05,9.98704220824879e-05,1.0,600,400
../full test/organized/dark flash/control/y_05/x_+05_y_05.heic,2080,2628,2453,2829,2409,3074,2041,2858,0.35092698132391503,-0.06857368257344679,2080.0,0.022760876545191853,0.6155053479691763,2628.0,-0.00011037084604270348,1.4172620003210787e-05,1.0,600,400
../full test/organized/dark flash/control/y_05/x_+10_y_05.heic,2058,2682,2238,2802,2208,2979,2033,2850,0.06235901851054669,0.027204046491605693,2058.0,-0.09752905725355146,0.5457533362031856,2682.0,-0.00010618453149662793,4.412397761515282e-05,1.0,600,400
../full test/organized/dark flash/control/y_05/x_+15_y_05.heic,2020,2799,2121,2861,2102,2997,2000,2924,-0.0746848854228106,-0.1630480372239334,2020.0,-0.22447200559232802,0.14722376957860936,2799.0,-0.00011457718941826682,-5.652401861196671e-05,1.0,600,400
../full test/organized/dark flash/control/y_05/x_+20_y_05.heic,2092,2785,2156,2824,2135,2917,2074,2877,0.006805875428629915,0.16039382772915708,2092.0,-0.06580096217820769,0.5149170888991249,2785.0,-4.631762116792057e-05,9.903270382312299e-05,1.0,600,400
../full test/organized/dark flash/control/y_05/x_-05_y_05.heic,2049,3002,2317,2813,2345,3024,2092,3234,0.9981285400109118,0.3349220002362351,2049.0,0.35451327134974603,0.9315691915697822,3002.0,0.00023800685081754212,0.00010871032516072423,1.0,600,400
../full test/organized/dark flash/control/y_05/x_-10_y_05.heic,2044,2891,2151,2798,2176,2954,2073,3055,0.41510953943240286,0.19068318722099714,2044.0,0.15299619928646982,0.5841676975205723,2891.0,0.00011007726922318435,5.7010702952724145e-05,1.0,600,400
../full test/organized/dark flash/control/y_05/x_-15_y_05.heic,2103,2763,2121,2877,2081,2942,2063,2824,-0.01321222410865874,-0.2401018675721562,2103.0,0.1313853989813243,-0.03928268251273344,2763.0,-2.0373514431239387e-05,-6.791171477079796e-05,1.0,600,400
../full test/organized/dark flash/control/y_05/x_-20_y_05.heic,2292,2763,2303,2856,2274,2902,2263,2802,-0.06844049716187116,-0.40969098649442165,2292.0,0.04738990017615977,-0.32000293599530244,2763.0,-3.767860638089644e-05,-0.00014900176159718146,1.0,600,400
../full test/organized/dark flash/control/y_10/x_+00_y_10.heic,1971,2685,2342,2674,2338,2881,1967,2892,0.6183333333333333,-0.01,1971.0,-0.018333333333333333,0.5175,2685.0,0.0,0.0,1.0,600,400
../full test/organized/dark flash/control/y_10/x_+05_y_10.heic,2059,2696,2377,2729,2366,2901,2051,2858,0.29231304777413863,0.018090589720600875,2059.0,-0.21788502003549667,0.4580779646131045,2696.0,-9.999451082282766e-05,1.8571716099756643e-05,1.0,600,400
../full test/organized/dark flash/control/y_10/x_+10_y_10.heic,2026,2861,2244,2910,2228,3044,2014,2993,0.2831868529318685,0.0560450291604503,2026.0,-0.02226660337266604,0.4578712871287129,2861.0,-3.5715900357159006e-05,4.272345042723451e-05,1.0,600,400
../full test/organized/dark flash/control/y_10/x_+15_y_10.heic,2032,2818,2176,2855,2162,2965,2019,2924,0.10364409551848217,-0.015782323356231597,2032.0,-0.11723779440628067,0.2892112365063788,2818.0,-6.266355904481518e-05,8.280176643768401e-06,1.0,600,400
../full test/organized/dark flash/control/y_10/x_+20_y_10.heic,1988,2774,2096,2810,2078,2902,1974,2870,0.2791798107255521,0.17905757097791797,1988.0,0.1929652996845426,0.5512184542586751,2774.0,4.731861198738171e-05,0.0001084384858044164,1.0,600,400
../full test/organized/dark flash/control/y_10/x_-05_y_10.heic,2031,2770,2295,2713,2311,2878,2048,2939,0.5359461134524802,0.054154458993486726,2031.0,0.01842126614230015,0.4392248315341101,2770.0,4.180658538234432e-05,5.690653805413445e-06,1.0,600,400
../full test/organized/dark flash/control/y_10/x_-10_y_10.heic,2086,2753,2255,2703,2274,2833,2105,2891,0.5019018723994452,0.012830270457697643,2086.0,0.18065591770688857,0.2973847087378641,2753.0,9.766527970411465e-05,-1.647018030513176e-05,1.0,600,400
../full test/organized/dark flash/control/y_10/x_-15_y_10.heic,2117,2810,2217,2774,2224,2877,2124,2920,0.41065308304248027,-0.007043910951796999,2117.0,0.24528566487438289,0.2412579001980945,2810.0,0.00011005251076942426,-1.1555513630789548e-05,1.0,600,400
../full test/organized/dark flash/control/y_10/x_-20_y_10.heic,2149,2792,2224,2763,2228,2852,2163,2885,0.494601712579573,0.8337417610275477,2149.0,0.4108436144442567,1.297858289673821,2792.0,0.00016618782040448427,0.00036927497042420145,1.0,600,400
../full test/organized/dark flash/control/y_15/x_+00_y_15.heic,1955,2798,2192,2800,2192,2920,1955,2922,0.5167777777777778,0.0,1955.0,0.1588888888888889,0.31,2798.0,5.555555555555556e-05,0.0,1.0,600,400
../full test/organized/dark flash/control/y_15/x_+05_y_15.heic,1989,2780,2225,2796,2216,2922,1987,2905,0.3488440721205226,0.1445027924294136,1989.0,-0.02923983865963388,0.5310735339745579,2780.0,-1.9995173578791325e-05,7.524045919950357e-05,1.0,600,400
../full test/organized/dark flash/control/y_15/x_+10_y_15.heic,1882,2806,2068,2826,2061,2932,1877,2909,0.20518908382066275,0.03307678616831935,1882.0,-0.10989473684210525,0.3281355199593186,2806.0,-5.0682261208577e-05,2.428171878972794e-05,1.0,600,400
../full test/organized/dark flash/control/y_15/x_+15_y_15.heic,2024,2754,2170,2777,2160,2869,2017,2846,0.22469072164948453,0.08646907216494845,2024.0,0.014475945017182126,0.3767010309278351,2754.0,-8.591065292096221e-06,5.154639175257732e-05,1.0,600,400
../full test/organized/dark flash/control/y_15/x_+20_y_15.heic,2104,2762,2215,2782,2205,2863,2093,2841,0.10474637681159421,-0.084375,2104.0,-0.06746376811594203,0.12029891304347826,2762.0,-3.6231884057971014e-05,-2.7173913043478262e-05,1.0,600,400
../full test/organized/dark flash/control/y_15/x_-05_y_15.heic,2046,2722,2253,2699,2262,2818,2056,2841,0.3484935884470693,0.04974252659682052,2046.0,-0.034148160133759424,0.3316894543101007,2722.0,1.550638458530534e-06,1.2034302819465231e-05,1.0,600,400
../full test/organized/dark flash/control/y_15/x_-10_y_15.heic,2048,2942,2206,2921,2217,3022,2059,3049,0.47775843330257356,0.00659966164257152,2048.0,0.24892371577976008,0.2365504460166103,2942.0,9.720086127345432e-05,-1.0150722854506305e-05,1.0,600,400
../full test/organized/dark flash/control/y_15/x_-15_y_15.heic,2091,2824,2209,2804,2220,2896,2100,2918,0.26062754830703777,-0.07336066300301365,2091.0,0.047855581161732545,0.10179932636057437,2824.0,2.8954677066713937e-05,-4.564793476333984e-05,1.0,600,400
../full test/organized/dark flash/control/y_15/x_-20_y_15.heic,2399,2824,2481,2806,2495,2877,2410,2902,0.4734246932915688,-0.2659651527016445,2399.0,0.3508718350300183,-0.1583758809710258,2824.0,0.0001357347950926651,-0.00012176977290524667,1.0,600,400
../full test/organized/dark flash/control/y_20/x_+00_y_20.heic,2041,2778,2225,2779,2224,2875,2041,2874,0.3064555941336065,0.027880926632136146,2041.0,0.0014030394444760658,0.279260060333542,2778.0,-9.486405980230329e-08,1.3660424611531673e-05,1.0,600,400
../full test/organized/dark flash/control/y_20/x_+05_y_20.heic,2177,2711,2358,2717,2356,2810,2173,2804,0.3044357348364746,-0.06932975162938172,2177.0,0.013190652339850862,0.15594195878104633,2711.0,1.1743291644647996e-06,-2.730315307380659e-05,1.0,600,400
../full test/organized/dark flash/control/y_20/x_+10_y_20.heic,2095,2750,2247,2765,2241,2847,2090,2835,0.3859449440608104,0.029454392163160432,2095.0,0.18818251164284566,0.26940942669022,2750.0,5.901718323430223e-05,2.007387184840212e-05,1.0,600,400
../full test/organized/dark flash/control/y_20/x_+15_y_20.heic,2071,2671,2206,2682,2199,2763,2063,2750,0.13926517811590286,-0.06411294679031242,2071.0,-0.08590093334533777,0.13869699288736834,2671.0,-3.88643798205336e-05,-2.138291167732061e-05,1.0,600,400
../full test/organized/dark flash/control/y_20/x_+20_y_20.heic,2113,2788,2228,2802,2221,2874,2103,2863,0.35929293518410516,-0.14458620086317509,2113.0,0.23414518449395388,0.02469672226758428,2788.0,7.523620669543916e-05,-5.686457482794821e-05,1.0,600,400
../full test/organized/dark flash/control/y_20/x_-05_y_20.heic,2094,2873,2257,2864,2262,2955,2097,2962,0.1856857142857143,-0.05241428571428571,2094.0,-0.12410476190476191,0.13787142857142856,2873.0,-3.80952380952381e-05,-2.857142857142857e-05,1.0,600,400
../full test/organized/dark flash/control/y_20/x_-10_y_20.heic,2198,2775,2334,2765,2342,2849,2204,2861,0.31053730321697465,-0.07174195756331281,2198.0,0.08269164955509924,0.10240075290896643,2775.0,3.5934291581108825e-05,-3.9356605065023964e-05,1.0,600,400
../full test/organized/dark flash/control/y_20/x_-15_y_20.heic,2079,2878,2194,2866,2202,2946,2088,2959,0.24201322636600173,0.06324588031222897,2079.0,0.04576720150332466,0.2602428447528187,2878.0,2.2947383636889274e-05,1.9514310494362534e-05,1.0,600,400
../full test/organized/dark flash/control/y_20/x_-20_y_20.heic,2160,2749,2246,2742,2253,2795,2163,2817,1.1027335499593827,-0.34062703086921203,2160.0,1.1596046574600596,-0.28338596669374494,2749.0,0.0004271594909287842,-0.0001609463850528026,1.0,600,400
../full test/organized/dark flash/control/y_25/x_+00_y_25.heic,2035,2722,2176,2718,2180,2791,2037,2793,0.13432676047350117,-0.06226955106729203,2035.0,-0.13241568552375482,0.08526442997989854,2722.0,-4.626527551769248e-05,-3.302383459366325e-05,1.0,600,400
../full test/organized/dark flash/control/y_25/x_+05_y_25.heic,1948,2843,2094,2848,2089,2921,1948,2918,0.33373205277454404,0.17716821885913855,1948.0,0.1312824990298797,0.45288853317811406,2843.0,4.317035312378735e-05,9.094877764842841e-05,1.0,600,400
../full test/organized/dark flash/control/y_25/x_+10_y_25.heic,2056,2945,2185,2952,2181,3023,2051,3014,0.11635351464134111,-0.05621600474854306,2056.0,-0.12160766961651916,0.10825814806820633,2945.0,-4.5147132887258075e-05,-2.131448305633499e-05,1.0,600,400
../full test/organized/dark flash/control/y_25/x_+15_y_25.heic,2074,2838,2199,2856,2196,2913,2071,2906,0.9135355443604813,0.01640952980688497,2074.0,0.9458970053176601,0.2035495382031906,2838.0,0.00032069222875268213,1.1544920235096558e-05,1.0,600,400
../full test/organized/dark flash/control/y_25/x_+20_y_25.heic,2010,2838,2124,2849,2121,2913,2010,2899,0.00423173803526447,0.128683879093199,2010.0,-0.2308445284075007,0.33809928631402186,2838.0,-8.746151693254968e-05,6.402183039462637e-05,1.0,600,400
../full test/organized/dark flash/control/y_25/x_-05_y_25.heic,2087,2792,2220,2789,2222,2860,2090,2868,0.484938929129385,0.04145025564550489,2087.0,0.32575060360744207,0.23658819769919046,2792.0,0.00011859110921744069,1.6244141457179377e-05,1.0,600,400
../full test/organized/dark flash/control/y_25/x_-10_y_25.heic,1974,2756,2103,2745,2113,2820,1981,2835,0.38344925373134325,-0.11308830845771146,1974.0,0.20153980099502486,0.010615671641791028,2756.0,8.009950248756219e-05,-6.592039800995025e-05,1.0,600,400
../full test/organized/dark flash/control/y_25/x_-15_y_25.heic,2142,2820,2246,2813,2256,2877,2142,2888,0.34821766135565757,-0.49168241965973536,2142.0,0.2073669997299487,-0.49292195517148263,2820.0,7.786479431091908e-05,-0.00022954361328652445,1.0,600,400
../full test/organized/dark flash/control/y_25/x_-20_y_25.heic,2171,2874,2263,2870,2271,2931,2178,2942,0.5723346641208124,-0.09308236417288665,2171.0,0.5247225597407857,0.02062749522652317,2874.0,0.00018515304056008794,-5.077243534108662e-05,1.0,600,400
../full test/organized/dark flash/control/y_30/x_+00_y_30.heic,2078,2817,2203,2820,2199,2885,2074,2885,0.3777948717948718,-0.002342153846153847,2078.0,0.22192307692307695,0.1806523076923077,2817.0,7.692307692307693e-05,3.692307692307692e-06,1.0,600,400
../full test/organized/dark flash/control/y_30/x_+05_y_30.heic,2151,2656,2272,2658,2269,2719,2148,2718,0.26371794871794874,-0.005318255687973998,2151.0,0.07592677862044059,0.157760698808234,2656.0,2.7311303719754424e-05,1.0157096424702059e-06,1.0,600,400
../full test/organized/dark flash/control/y_30/x_+10_y_30.heic,2096,2863,2213,2870,2206,2927,2092,2920,0.18316939056056208,0.12660149686879485,2096.0,-0.003676238480729085,0.3331674812891401,2863.0,-5.345959981670994e-06,6.529708263326714e-05,1.0,600,400
../full test/organized/dark flash/control/y_30/x_+15_y_30.heic,2054,2767,2163,2771,2161,2830,2053,2824,0.0563048245614035,0.04171796679197995,2054.0,-0.15393327067669174,0.2033239348370927,2767.0,-5.7957393483709273e-05,2.1538220551378446e-05,1.0,600,400
../full test/organized/dark flash/control/y_30/x_+20_y_30.heic,2142,2838,2238,2842,2235,2895,2135,2888,-0.030670926517571882,-0.23918530351437703,2142.0,-0.23546325878594251,-0.17487220447284352,2838.0,-8.519701810436634e-05,-0.0001038338658146965,1.0,600,400
../full test/organized/dark flash/control/y_30/x_-05_y_30.heic,2172,2737,2285,2731,2288,2794,2171,2799,0.1176940608358155,-0.18547420796100733,2172.0,-0.09442706923007493,-0.08090272136474415,2737.0,-3.091434244967958e-05,-8.428107229894396e-05,1.0,600,400
../full test/organized/dark flash/control/y_30/x_-10_y_30.heic,2321,2781,2431,2770,2431,2835,2321,2845,0.12100000000000001,0.0,2321.0,-0.08935897435897436,0.16,2781.0,-2.564102564102564e-05,0.0,1.0,600,400
../full test/organized/dark flash/control/y_30/x_-15_y_30.heic,2178,2817,2278,2810,2281,2877,2174,2881,-0.0178531309474075,-0.35815485308452855,2178.0,-0.23927888409228057,-0.301377245508982,2817.0,-8.100078911943554e-05,-0.00016014482662581812,1.0,600,400
../full test/organized/dark flash/control/y_30/x_-20_y_30.heic,2349,2774,2438,2770,2438,2827,2349,2835,0.43347953216374274,0.0,2349.0,0.3173099415204679,0.1525,2774.0,0.00011695906432748539,0.0,1.0,600,400
../full test/organized/dark flash/control/y_35/x_+00_y_35.heic,2088,2717,2192,2720,2196,2777,2081,2777,0.3656140350877193,-0.524654462242563,2088.0,0.24359649122807014,-0.5267745995423341,2717.0,8.771929824561403e-05,-0.0002437070938215103,1.0,600,400
../full test/organized/dark flash/control/y_35/x_+05_y_35.heic,2099,2831,2203,2827,2206,2885,2088,2885,-0.07988505747126436,-0.6376694915254236,2099.0,-0.33160919540229883,-0.7080742255990649,2831.0,-0.00011494252873563218,-0.0002922267679719462,1.0,600,400
../full test/organized/dark flash/control/y_35/x_+10_y_35.heic,2064,2890,2163,2893,2161,2949,2065,2946,0.15897157190635453,0.16364827201783722,2064.0,-0.00306298773690078,0.36989966555183945,2890.0,-2.7870680044593086e-06,7.803790412486064e-05,1.0,600,400
../full test/organized/dark flash/control/y_35/x_+15_y_35.heic,2196,2813,2292,2813,2296,2877,2199,2874,-0.017559715945771447,-0.038637830858618466,2196.0,-0.21792123950936088,0.09219980632666237,2813.0,-7.74693350548741e-05,-2.0981278244028405e-05,1.0,600,400
../full test/organized/dark flash/control/y_35/x_+20_y_35.heic,2056,2785,2167,2795,2163,2838,2056,2838,1.0249224806201551,0.23683547054988047,2056.0,1.1,0.4594158878504673,2785.0,0.0003875968992248062,0.00011519234948924147,1.0,600,400
../full test/organized/dark flash/control/y_35/x_-05_y_35.heic,1996,2724,2099,2727,2103,2788,1992,2788,0.3437158469945355,-0.3777447939743022,1996.0,0.22852459016393445,-0.3546950228917442,2724.0,8.19672131147541e-05,-0.00018461084034854526,1.0,600,400
../full test/organized/dark flash/control/y_35/x_-10_y_35.heic,2178,2813,2271,2810,2274,2867,2181,2870,0.155,0.0075,2178.0,-0.005,0.1425,2813.0,0.0,0.0,1.0,600,400
../full test/organized/dark flash/control/y_35/x_-15_y_35.heic,2181,2756,2285,2745,2278,2799,2181,2806,-0.07546701355431361,0.3677731740219696,2181.0,-0.31722040213271663,0.5981643862015803,2756.0,-0.0001088841780689921,0.00016862593948737715,1.0,600,400
../full test/organized/dark flash/control/y_35/x_-20_y_35.heic,1931,2856,2006,2852,2013,2917,1935,2924,0.2641150615354561,-0.19412189880836103,1931.0,0.1911180569121573,-0.1384508693104122,2856.0,6.934948232076577e-05,-0.00010548935338933386,1.0,600,400
../full test/organized/dark flash/control/y_40/x_+00_y_40.heic,2092,2802,2181,2802,2185,2845,2088,2849,0.45739949048642625,-0.45881776928588486,2092.0,0.3970671124910437,-0.4948955099116312,2802.0,0.00014170846270201417,-0.0002149510389300215,1.0,600,400
../full test/organized/dark flash/control/y_40/x_+05_y_40.heic,2167,2806,2260,2802,2260,2852,2160,2852,-0.14633333333333334,-0.39549999999999996,2167.0,-0.38026666666666664,-0.38409999999999994,2806.0,-0.00013333333333333334,-0.000175,1.0,600,400
../full test/organized/dark flash/control/y_40/x_+10_y_40.heic,2103,2763,2203,2763,2199,2810,2099,2813,0.40162827076222984,0.003432167235494881,2103.0,0.294688566552901,0.14300127986348124,2763.0,0.00010665529010238908,6.399317406143345e-06,1.0,600,400
../full test/organized/dark flash/control/y_40/x_+15_y_40.heic,2028,2827,2113,2831,2110,2877,2024,2877,0.4478985507246377,-0.053488372093023255,2028.0,0.4169565217391304,0.06318377148634985,2827.0,0.00014492753623188405,-2.1486349848331647e-05,1.0,600,400
../full test/organized/dark flash/control/y_40/x_+20_y_40.heic,2085,2792,2181,2802,2174,2849,2088,2842,0.32704473233928133,0.634002077731606,2085.0,0.2312743420516581,0.9777389391346858,2792.0,7.659089057280208e-05,0.0003000488878024933,1.0,600,400
../full test/organized/dark flash/control/y_40/x_-05_y_40.heic,2085,2813,2174,2813,2181,2867,2085,2870,0.33419884726224786,-0.3995749279538905,2085.0,0.24049663784822292,-0.4075144092219021,2813.0,8.549471661863594e-05,-0.00019164265129682998,1.0,600,400
../full test/organized/dark flash/control/y_40/x_-10_y_40.heic,2028,2781,2117,2774,2117,2827,2031,2838,0.44016783677051335,0.18462209302325583,2028.0,0.3707371654234313,0.39,2781.0,0.0001378528594412754,8.72093023255814e-05,1.0,600,400
../full test/organized/dark flash/control/y_40/x_-15_y_40.heic,2153,2717,2238,2706,2242,2760,2160,2760,-0.6181481481481481,0.26871951219512197,2153.0,-0.937037037037037,0.4285027100271002,2717.0,-0.00033950617283950616,0.00011630532971996386,1.0,600,400
../full test/organized/dark flash/control/y_40/x_-20_y_40.heic,2256,2799,2338,2795,2338,2845,2253,2852,0.35121254901960786,-0.20629411764705885,2256.0,0.24981568627450984,-0.11914705882352944,2799.0,9.176470588235295e-05,-8.823529411764706e-05,1.0,600,400
../full test/organized/dark flash/control/y_45/x_+00_y_45.heic,2049,2835,2131,2835,2135,2885,2049,2892,0.6077056377079483,-0.2698544362292052,2049.0,0.626652033271719,-0.23837800369685766,2835.0,0.00022104128157732594,-0.00013170055452865065,1.0,600,400
../full test/organized/dark flash/control/y_45/x_+05_y_45.heic,2142,2813,2231,2813,2228,2860,2142,2856,-0.1781902647590857,0.17039837197829302,2142.0,-0.41170366716000656,0.33469782930439074,2813.0,-0.00014635750698898208,7.955106068080908e-05,1.0,600,400
../full test/organized/dark flash/control/y_45/x_+10_y_45.heic,2163,2852,2246,2852,2246,2902,2160,2902,0.13833333333333334,-0.19587209302325584,2163.0,0.0,-0.12808139534883722,2852.0,0.0,-8.72093023255814e-05,1.0,600,400
../full test/organized/dark flash/control/y_45/x_+15_y_45.heic,2149,2799,2235,2799,2231,2845,2149,2845,0.14333333333333334,0.26207317073170733,2149.0,0.0,0.46195121951219514,2799.0,0.0,0.00012195121951219512,1.0,600,400
../full test/organized/dark flash/control/y_45/x_+20_y_45.heic,2113,2795,2188,2802,2181,2838,2106,2838,0.8340740740740741,0.07805000000000001,2113.0,0.9197222222222223,0.23626111111111112,2795.0,0.00032407407407407406,4.5370370370370374e-05,1.0,600,400
../full test/organized/dark flash/control/y_45/x_-05_y_45.heic,2096,2767,2178,2770,2178,2817,2099,2820,0.6088697369602297,0.20677215189873419,2096.0,0.6055521141933746,0.4002215189873418,2767.0,0.00021680581739833018,9.493670886075949e-05,1.0,600,400
../full test/organized/dark flash/control/y_45/x_-10_y_45.heic,2049,2763,2117,2760,2121,2802,2046,2806,0.1657122552116235,-0.4889497789008212,2049.0,0.06328806064434617,-0.5527874289324067,2763.0,2.474205095809644e-05,-0.00023531269740998103,1.0,600,400
../full test/organized/dark flash/control/y_45/x_-15_y_45.heic,2142,2788,2221,2781,2221,2817,2146,2824,0.17005432098765433,0.29613333333333336,2142.0,0.0364,0.46653333333333336,2788.0,1.728395061728395e-05,0.00013333333333333334,1.0,600,400
../full test/organized/dark flash/control/y_45/x_-20_y_45.heic,2178,2842,2246,2838,2246,2881,2181,2885,0.12940488968395944,0.2591538461538461,2178.0,0.01364102564102564,0.4403846153846154,2842.0,7.155635062611806e-06,0.00011538461538461538,1.0,600,400
../full test/organized/dark flash/control/y_50/x_+00_y_50.heic,2099,2760,2171,2756,2167,2795,2096,2802,0.410417122704609,0.08999726377234588,2099.0,0.3620065669463699,0.23533746807734401,2760.0,0.00013377112975799586,4.651587012039402e-05,1.0,600,400
../full test/organized/dark flash/control/y_50/x_+05_y_50.heic,2131,2820,2206,2817,2203,2852,2131,2860,0.6906410256410256,0.25612980769230764,2131.0,0.7173076923076923,0.44375,2820.0,0.0002564102564102564,0.00012019230769230769,1.0,600,400
../full test/organized/dark flash/control/y_50/x_+10_y_50.heic,2278,2820,2349,2824,2349,2860,2274,2860,0.5533333333333333,-0.3132,2278.0,0.5296296296296297,-0.2813333333333334,2820.0,0.00018518518518518518,-0.00013333333333333334,1.0,600,400
../full test/organized/dark flash/control/y_50/x_+15_y_50.heic,2185,2656,2260,2656,2253,2688,2192,2692,0.7123180873180873,1.3732588357588358,2185.0,0.6902286902286903,1.7550103950103952,2656.0,0.0002598752598752599,0.0006185031185031185,1.0,600,400
../full test/organized/dark flash/control/y_50/x_+20_y_50.heic,2146,2820,2213,2817,2206,2863,2142,2863,-0.12887681159420292,0.20281759510869565,2146.0,-0.3111956521739131,0.3919522758152174,2820.0,-0.00010869565217391305,9.935461956521739e-05,1.0,600,400
../full test/organized/dark flash/control/y_50/x_-05_y_50.heic,2156,2917,2231,2913,2231,2960,2163,2963,0.0703186274509804,0.5741544117647059,2156.0,-0.07806372549019608,0.8775367647058825,2917.0,-2.4509803921568626e-05,0.0002573529411764706,1.0,600,400
../full test/organized/dark flash/control/y_50/x_-10_y_50.heic,2038,2863,2113,2856,2110,2910,2038,2906,-0.6010051282051282,0.16852692307692305,2038.0,-0.9929589743589744,0.34780384615384613,2863.0,-0.0003435897435897436,8.269230769230768e-05,1.0,600,400
../full test/organized/dark flash/control/y_50/x_-15_y_50.heic,2138,2845,2221,2845,2217,2892,2138,2892,0.13833333333333334,0.2706329113924051,2138.0,0.0,0.48357594936708864,2845.0,0.0,0.00012658227848101267,1.0,600,400
../full test/organized/dark flash/control/y_50/x_-20_y_50.heic,2160,2763,2231,2756,2235,2806,2167,2802,-0.7167533490937745,0.3280777186761229,2160.0,-1.0432663514578406,0.4990868794326241,2763.0,-0.00037431048069345936,0.00014332151300236405,1.0,600,400
